category,record_index,element_index,v,h
plane,0,0,34.855910,224.308386
plane,0,1,36.608448,231.361380
plane,0,2,38.231525,224.975834
plane,0,3,40.173712,231.246770
plane,0,4,40.880338,233.199920
plane,0,5,42.300394,237.054101
plane,0,6,43.365036,231.957823
plane,0,7,42.249946,226.260340
plane,0,8,43.140954,234.303222
plane,0,9,42.473471,227.562632
plane,0,10,42.153288,221.535453
plane,0,11,40.189318,229.328804
plane,0,12,39.997835,227.271224
plane,0,13,37.931012,231.094628
plane,0,14,36.647279,228.624697
plane,0,15,34.703299,231.157435
plane,0,16,29.825642,240.088004
plane,0,17,29.959759,252.427447
plane,0,18,30.162670,251.456572
plane,0,19,29.225849,260.582202
plane,0,20,27.481942,272.329568
plane,0,21,27.219808,286.126547
plane,0,22,27.650146,293.787496
plane,0,23,27.941548,303.774590
plane,0,24,27.304918,308.151071
plane,0,25,28.432735,321.630239
plane,0,26,29.908491,336.831550
plane,0,27,30.821595,330.018025
plane,0,28,34.048710,345.964983
plane,0,29,35.505693,348.343269
plane,1,0,37.926345,234.623890
plane,1,1,36.796805,236.425139
plane,1,2,40.812009,235.190534
plane,1,3,41.374925,243.329069
plane,1,4,42.281704,245.630909
plane,1,5,44.148876,251.685500
plane,1,6,44.828368,239.078181
plane,1,7,43.926470,236.992666
plane,1,8,45.346886,236.791567
plane,1,9,43.861553,240.985136
plane,1,10,42.398049,236.175002
plane,1,11,40.160309,233.037440
plane,1,12,40.056694,239.896787
plane,1,13,40.247906,240.027907
plane,1,14,37.626316,243.749463
plane,1,15,36.719789,250.788937
plane,1,16,34.219281,248.471790
plane,1,17,33.278954,260.447587
plane,1,18,32.225346,266.213245
plane,1,19,31.831589,273.155508
plane,1,20,30.661247,283.965643
plane,1,21,28.089119,288.338210
plane,1,22,28.360702,308.081240
plane,1,23,29.607975,314.616158
plane,1,24,27.056031,323.864413
plane,1,25,30.958556,327.433228
plane,1,26,31.031222,337.479292
plane,1,27,34.865763,340.193121
plane,1,28,34.352431,355.724722
plane,1,29,36.053849,353.542994
plane,2,0,38.097776,240.034842
plane,2,1,39.939709,243.714975
plane,2,2,42.244311,250.977971
plane,2,3,45.124825,253.439482
plane,2,4,45.462986,247.523325
plane,2,5,44.945957,253.692449
plane,2,6,47.454121,244.792131
plane,2,7,46.978887,252.684406
plane,2,8,47.428158,251.908440
plane,2,9,45.483885,245.901327
plane,2,10,43.373332,248.131325
plane,2,11,43.309899,255.448423
plane,2,12,41.513406,249.515310
plane,2,13,38.985411,248.519924
plane,2,14,39.126100,256.373426
plane,2,15,38.583150,257.038924
plane,2,16,34.328343,264.346969
plane,2,17,34.392556,270.890032
plane,2,18,31.798117,280.866409
plane,2,19,31.466384,287.390312
plane,2,20,31.842259,295.942256
plane,2,21,30.391904,311.463183
plane,2,22,30.255436,311.204099
plane,2,23,30.403567,327.791697
plane,2,24,31.050616,333.098066
plane,2,25,33.098435,337.581499
plane,2,26,31.432037,348.686226
plane,2,27,34.870622,351.981483
plane,2,28,37.151323,362.707852
plane,2,29,37.005008,367.072874
plane,3,0,39.303895,249.067899
plane,3,1,41.672714,258.372586
plane,3,2,42.113830,263.057030
plane,3,3,44.829487,260.005971
plane,3,4,45.997649,266.796641
plane,3,5,45.855430,263.923426
plane,3,6,47.211156,270.579836
plane,3,7,45.625964,263.100126
plane,3,8,47.088367,258.658108
plane,3,9,48.833403,257.953633
plane,3,10,48.362456,255.581042
plane,3,11,45.352108,255.403964
plane,3,12,42.933743,258.483676
plane,3,13,41.771841,260.911741
plane,3,14,38.259924,271.087456
plane,3,15,38.468051,274.187139
plane,3,16,35.938476,273.685710
plane,3,17,38.540511,275.444481
plane,3,18,32.503105,284.146833
plane,3,19,33.350976,297.364373
plane,3,20,33.358553,302.477117
plane,3,21,30.003137,311.111883
plane,3,22,32.751955,324.250606
plane,3,23,29.834661,331.720416
plane,3,24,33.830072,349.526748
plane,3,25,33.964390,350.870142
plane,3,26,33.418401,354.115562
plane,3,27,36.187803,366.426314
plane,3,28,38.360421,368.364749
plane,3,29,38.348058,371.888873
plane,4,0,39.843026,267.573637
plane,4,1,40.407482,267.220333
plane,4,2,44.808991,277.053298
plane,4,3,45.912693,276.321256
plane,4,4,46.698292,269.758765
plane,4,5,47.393703,278.509209
plane,4,6,49.702621,273.465386
plane,4,7,52.318536,270.189624
plane,4,8,49.514962,270.289265
plane,4,9,48.209928,277.252611
plane,4,10,49.128117,261.751715
plane,4,11,46.101749,269.080700
plane,4,12,45.907614,262.839955
plane,4,13,41.298851,262.476306
plane,4,14,41.793841,272.664773
plane,4,15,40.480267,274.136817
plane,4,16,37.221350,274.423387
plane,4,17,37.204757,290.403614
plane,4,18,36.491398,299.496054
plane,4,19,34.187772,309.988057
plane,4,20,33.431819,310.861821
plane,4,21,32.584809,320.512755
plane,4,22,30.845996,333.013260
plane,4,23,33.541486,340.411559
plane,4,24,33.218062,352.507771
plane,4,25,36.619574,359.785954
plane,4,26,35.650973,365.122745
plane,4,27,37.571131,369.354461
plane,4,28,39.154976,380.522312
plane,4,29,42.844679,388.773895
plane,5,0,43.534029,272.148206
plane,5,1,44.889685,273.995915
plane,5,2,46.171074,282.640197
plane,5,3,46.574984,290.313639
plane,5,4,49.164670,275.125468
plane,5,5,50.120956,280.770219
plane,5,6,50.209776,283.378854
plane,5,7,50.878800,272.162385
plane,5,8,49.236292,282.149395
plane,5,9,51.233018,285.600537
plane,5,10,50.924680,269.127487
plane,5,11,48.771078,269.702193
plane,5,12,48.238032,279.247141
plane,5,13,43.913243,288.141378
plane,5,14,44.008923,275.512990
plane,5,15,41.928516,284.290957
plane,5,16,40.056883,290.654789
plane,5,17,39.749063,293.230253
plane,5,18,37.315809,313.589625
plane,5,19,35.051528,315.433608
plane,5,20,35.270188,320.746358
plane,5,21,35.253281,333.240203
plane,5,22,33.567965,349.436020
plane,5,23,35.583215,351.192194
plane,5,24,34.795229,357.883105
plane,5,25,37.633645,369.047020
plane,5,26,38.118044,376.750707
plane,5,27,39.757297,383.949607
plane,5,28,41.544090,389.544739
plane,5,29,43.329587,397.689536
plane,6,0,43.883390,281.560891
plane,6,1,44.779644,285.590498
plane,6,2,46.374625,294.428433
plane,6,3,48.794791,298.596524
plane,6,4,52.376626,292.833271
plane,6,5,49.520079,290.874052
plane,6,6,51.633052,285.562025
plane,6,7,51.737774,291.466775
plane,6,8,51.435184,285.985195
plane,6,9,50.673057,295.134660
plane,6,10,50.461866,284.029913
plane,6,11,49.128697,291.184729
plane,6,12,47.439743,290.161132
plane,6,13,47.282297,293.098245
plane,6,14,46.264647,290.875658
plane,6,15,44.267781,294.044102
plane,6,16,41.049048,307.299916
plane,6,17,40.697945,308.931788
plane,6,18,37.306991,318.579511
plane,6,19,36.748115,320.895474
plane,6,20,35.920052,334.491143
plane,6,21,33.984356,344.295054
plane,6,22,36.185642,350.049850
plane,6,23,37.328527,364.306384
plane,6,24,36.325619,368.340489
plane,6,25,38.597855,373.568639
plane,6,26,38.825984,384.964347
plane,6,27,40.710765,395.258030
plane,6,28,42.317024,404.816975
plane,6,29,44.228063,403.740031
plane,7,0,33.789145,297.887399
plane,7,1,37.247910,304.356683
plane,7,2,37.611658,301.070920
plane,7,3,39.782701,301.965676
plane,7,4,41.107687,295.878223
plane,7,5,42.893082,305.012690
plane,7,6,43.838873,310.514092
plane,7,7,42.669300,300.174417
plane,7,8,42.904396,306.827640
plane,7,9,40.700594,299.930997
plane,7,10,40.150681,287.023351
plane,7,11,38.480763,291.840280
plane,7,12,40.193456,294.760301
plane,7,13,37.326955,295.447723
plane,7,14,36.475903,298.669739
plane,7,15,35.452700,303.243095
plane,7,16,31.680760,313.006531
plane,7,17,30.900280,324.622159
plane,7,18,29.618812,321.501534
plane,7,19,27.818153,332.299877
plane,7,20,28.293228,345.040339
plane,7,21,26.985997,356.330431
plane,7,22,26.483236,361.843020
plane,7,23,27.472360,377.973347
plane,7,24,27.833370,379.617360
plane,7,25,27.856867,392.377142
plane,7,26,29.570961,398.863274
plane,7,27,29.739277,408.586271
plane,7,28,31.948299,407.168213
plane,7,29,36.058581,409.662117
plane,8,0,36.420545,305.297024
plane,8,1,37.221207,313.925177
plane,8,2,41.357891,303.078778
plane,8,3,39.892403,315.549049
plane,8,4,41.294272,311.181832
plane,8,5,43.697648,315.167267
plane,8,6,43.985147,311.896678
plane,8,7,43.711534,315.488436
plane,8,8,43.899298,310.417830
plane,8,9,43.420176,308.413219
plane,8,10,42.953349,306.699777
plane,8,11,40.987815,310.553005
plane,8,12,42.038473,309.206335
plane,8,13,39.786748,313.454046
plane,8,14,38.292938,314.291013
plane,8,15,35.847305,320.671546
plane,8,16,34.014420,318.619894
plane,8,17,32.399417,321.369737
plane,8,18,30.992504,337.986361
plane,8,19,31.114469,345.196122
plane,8,20,29.996326,353.503017
plane,8,21,27.581911,357.206483
plane,8,22,27.541998,366.923365
plane,8,23,29.425308,381.030164
plane,8,24,30.002219,391.314282
plane,8,25,31.446753,403.873704
plane,8,26,31.013268,406.391270
plane,8,27,32.608059,407.928275
plane,8,28,35.455454,425.032762
plane,8,29,36.493572,423.027231
plane,9,0,39.090905,305.620151
plane,9,1,39.897239,319.126581
plane,9,2,40.788256,326.531546
plane,9,3,43.812129,321.271491
plane,9,4,44.010600,321.184285
plane,9,5,44.555976,317.167066
plane,9,6,47.088348,325.627795
plane,9,7,46.786434,315.941646
plane,9,8,47.975457,326.979559
plane,9,9,45.619871,314.371043
plane,9,10,43.755082,319.023828
plane,9,11,42.588582,317.230511
plane,9,12,43.213076,312.206448
plane,9,13,42.560141,326.368608
plane,9,14,37.627866,317.423020
plane,9,15,36.851626,323.090944
plane,9,16,35.181867,322.190823
plane,9,17,33.646867,346.134824
plane,9,18,31.381810,345.240596
plane,9,19,29.888879,357.143963
plane,9,20,30.342867,371.268099
plane,9,21,30.312227,371.363282
plane,9,22,30.562005,380.363044
plane,9,23,28.952292,393.068413
plane,9,24,30.757035,401.685816
plane,9,25,32.278161,407.591654
plane,9,26,33.580183,424.439320
plane,9,27,33.533088,431.363225
plane,9,28,36.037433,427.211076
plane,9,29,40.427221,435.620087
plane,10,0,40.870403,328.270377
plane,10,1,39.539169,329.036723
plane,10,2,42.333793,325.598077
plane,10,3,42.569682,332.725281
plane,10,4,46.187549,334.299054
plane,10,5,46.262268,329.205798
plane,10,6,46.221539,329.295152
plane,10,7,46.455212,329.505891
plane,10,8,47.371725,325.474946
plane,10,9,46.699764,324.946645
plane,10,10,46.117040,329.377985
plane,10,11,45.179721,329.255958
plane,10,12,41.972416,326.718957
plane,10,13,42.331152,332.666424
plane,10,14,38.766949,333.714299
plane,10,15,39.841469,336.501074
plane,10,16,36.850830,344.317395
plane,10,17,35.622687,351.621948
plane,10,18,34.070818,356.942856
plane,10,19,32.096044,363.909262
plane,10,20,33.321308,372.688488
plane,10,21,31.436824,380.885988
plane,10,22,32.298919,388.969239
plane,10,23,32.702102,398.112729
plane,10,24,31.374123,411.844314
plane,10,25,33.532883,420.823162
plane,10,26,35.721143,425.838550
plane,10,27,36.583881,430.774254
plane,10,28,39.039406,442.807418
plane,10,29,40.036519,445.751514
plane,11,0,40.214401,223.690514
plane,11,1,43.221543,228.476708
plane,11,2,44.482857,225.525970
plane,11,3,46.022488,229.548410
plane,11,4,46.013960,232.117640
plane,11,5,46.211592,235.194146
plane,11,6,49.560413,231.302050
plane,11,7,47.994485,226.537515
plane,11,8,48.743489,219.363963
plane,11,9,48.612291,230.645654
plane,11,10,47.309617,225.372024
plane,11,11,46.683563,228.769930
plane,11,12,46.218583,228.307330
plane,11,13,42.864655,228.256714
plane,11,14,42.046898,239.302387
plane,11,15,39.814775,233.005410
plane,11,16,37.575481,234.130229
plane,11,17,37.205363,243.478101
plane,11,18,34.264895,248.428813
plane,11,19,33.260500,266.864671
plane,11,20,32.256832,266.506597
plane,11,21,33.283651,281.487317
plane,11,22,33.443923,295.350195
plane,11,23,33.283101,296.669579
plane,11,24,33.808104,313.021594
plane,11,25,34.319715,313.883088
plane,11,26,37.261218,325.827543
plane,11,27,37.231657,334.477372
plane,11,28,40.310709,341.332062
plane,11,29,40.666774,347.728533
plane,12,0,44.647024,240.551145
plane,12,1,44.892635,234.064323
plane,12,2,49.611172,236.170619
plane,12,3,46.969591,239.516563
plane,12,4,50.224188,244.417342
plane,12,5,48.140971,243.470215
plane,12,6,50.755306,240.241863
plane,12,7,49.268078,237.418856
plane,12,8,49.957763,239.149824
plane,12,9,49.411904,240.928807
plane,12,10,48.171564,230.424086
plane,12,11,47.262202,242.762917
plane,12,12,46.051275,247.596979
plane,12,13,45.545896,235.444070
plane,12,14,42.530666,244.051075
plane,12,15,40.457404,256.713831
plane,12,16,38.954697,255.239341
plane,12,17,39.835699,258.486597
plane,12,18,36.002543,265.240606
plane,12,19,36.240704,278.094021
plane,12,20,35.124903,277.904277
plane,12,21,34.647712,290.158569
plane,12,22,32.328497,299.597715
plane,12,23,33.359149,314.208040
plane,12,24,37.376068,328.455570
plane,12,25,35.829495,327.763356
plane,12,26,38.347388,341.733676
plane,12,27,38.722149,343.842980
plane,12,28,42.987166,349.847777
plane,12,29,42.014679,355.479656
plane,13,0,44.579702,240.913433
plane,13,1,45.471361,243.888002
plane,13,2,47.080849,258.472946
plane,13,3,49.583116,251.945947
plane,13,4,49.164184,251.490749
plane,13,5,52.118830,250.153119
plane,13,6,53.158821,246.021249
plane,13,7,51.698221,257.290047
plane,13,8,49.886773,253.812551
plane,13,9,49.580437,247.627606
plane,13,10,50.448977,250.646808
plane,13,11,46.347053,239.696115
plane,13,12,47.558415,248.381323
plane,13,13,45.661195,249.218306
plane,13,14,43.678779,251.472494
plane,13,15,42.288282,258.191602
plane,13,16,42.027008,268.247288
plane,13,17,39.219151,267.651431
plane,13,18,38.546150,275.153194
plane,13,19,37.326497,278.342298
plane,13,20,36.939941,289.844401
plane,13,21,35.148426,296.499497
plane,13,22,37.172734,311.825519
plane,13,23,37.441092,322.949829
plane,13,24,35.228543,326.685770
plane,13,25,38.660636,336.570202
plane,13,26,38.068262,346.771017
plane,13,27,40.463920,350.366054
plane,13,28,41.954091,358.363612
plane,13,29,41.410010,367.010654
plane,14,0,34.188625,260.217758
plane,14,1,35.569639,252.235051
plane,14,2,39.546737,254.625027
plane,14,3,39.205219,264.705467
plane,14,4,40.767650,256.114493
plane,14,5,42.256132,261.622575
plane,14,6,43.992255,263.870386
plane,14,7,46.023982,253.735414
plane,14,8,42.872937,254.792280
plane,14,9,43.586564,261.275277
plane,14,10,42.375550,254.240306
plane,14,11,39.756444,249.248635
plane,14,12,40.833931,260.266620
plane,14,13,37.293552,263.835836
plane,14,14,36.615868,266.978642
plane,14,15,32.511510,264.360173
plane,14,16,32.641030,273.937252
plane,14,17,31.832804,274.888856
plane,14,18,29.625613,295.154286
plane,14,19,29.070410,298.073265
plane,14,20,27.548999,306.575675
plane,14,21,28.909378,313.278570
plane,14,22,28.235711,318.887398
plane,14,23,27.881699,335.477489
plane,14,24,27.179900,345.413053
plane,14,25,28.227457,346.411976
plane,14,26,30.157414,365.216493
plane,14,27,31.950040,368.156663
plane,14,28,32.548439,370.587573
plane,14,29,33.823444,372.715575
plane,15,0,37.335641,264.846411
plane,15,1,39.671060,267.743779
plane,15,2,39.661177,276.071974
plane,15,3,40.692777,266.237061
plane,15,4,43.898573,274.393133
plane,15,5,41.402901,272.577983
plane,15,6,43.804613,278.495153
plane,15,7,43.759276,267.995918
plane,15,8,43.484211,264.842674
plane,15,9,43.231318,262.244228
plane,15,10,42.090315,260.923293
plane,15,11,40.504317,261.128654
plane,15,12,40.103272,265.498989
plane,15,13,37.827942,272.014858
plane,15,14,37.316876,271.349682
plane,15,15,35.171075,283.587035
plane,15,16,34.185402,284.417081
plane,15,17,29.789529,286.308460
plane,15,18,28.827398,294.628054
plane,15,19,30.251798,301.893822
plane,15,20,29.586795,309.414167
plane,15,21,29.181191,316.637564
plane,15,22,28.250044,334.067184
plane,15,23,29.327521,341.351569
plane,15,24,31.371618,349.362876
plane,15,25,29.951708,348.594903
plane,15,26,33.427540,366.012540
plane,15,27,31.964872,379.697141
plane,15,28,36.015743,380.710885
plane,15,29,35.065078,386.675904
plane,16,0,37.378608,270.316913
plane,16,1,40.763136,270.023077
plane,16,2,41.926276,282.802668
plane,16,3,44.892405,283.616815
plane,16,4,42.038865,279.391897
plane,16,5,45.132763,283.822121
plane,16,6,46.689216,273.677092
plane,16,7,45.658318,284.198434
plane,16,8,47.438582,286.502994
plane,16,9,45.041595,282.378346
plane,16,10,46.333224,282.141912
plane,16,11,44.225281,280.678542
plane,16,12,41.334547,272.444744
plane,16,13,41.537260,278.713507
plane,16,14,38.836819,280.762705
plane,16,15,36.742141,288.146514
plane,16,16,34.423728,292.789567
plane,16,17,34.121624,298.613976
plane,16,18,31.754775,309.479351
plane,16,19,33.251125,312.186041
plane,16,20,31.802649,327.062223
plane,16,21,27.452136,329.807225
plane,16,22,29.375892,345.515042
plane,16,23,30.480088,353.758215
plane,16,24,31.568183,357.424889
plane,16,25,31.156154,364.741377
plane,16,26,32.988336,377.012121
plane,16,27,34.812093,381.504293
plane,16,28,37.186761,393.946026
plane,16,29,39.546519,397.845232
plane,17,0,39.685511,287.689696
plane,17,1,41.829515,285.946185
plane,17,2,44.148498,297.839320
plane,17,3,46.318347,292.457023
plane,17,4,45.921567,294.401817
plane,17,5,46.565551,294.877021
plane,17,6,47.087220,290.740661
plane,17,7,49.247249,290.977852
plane,17,8,47.461622,292.586975
plane,17,9,47.082147,289.154414
plane,17,10,46.057948,282.467968
plane,17,11,44.970624,282.819815
plane,17,12,43.834582,283.507990
plane,17,13,42.971121,293.098713
plane,17,14,40.645380,292.677050
plane,17,15,39.051349,289.355523
plane,17,16,35.848768,301.920634
plane,17,17,35.720829,308.605815
plane,17,18,32.993794,316.866655
plane,17,19,32.424788,320.316625
plane,17,20,32.397688,332.665254
plane,17,21,32.801871,345.514130
plane,17,22,32.246404,353.674622
plane,17,23,30.946422,358.118114
plane,17,24,30.960746,382.536606
plane,17,25,32.323259,378.793606
plane,17,26,34.298217,386.364143
plane,17,27,35.556837,386.940144
plane,17,28,36.782043,394.714905
plane,17,29,39.373220,402.263202
plane,18,0,40.312820,295.863517
plane,18,1,42.136978,302.281821
plane,18,2,43.972933,301.865874
plane,18,3,44.516097,304.943612
plane,18,4,46.692113,304.371414
plane,18,5,48.398102,301.706094
plane,18,6,48.925839,299.974609
plane,18,7,50.334377,304.056145
plane,18,8,49.377106,294.338337
plane,18,9,47.332508,295.332479
plane,18,10,47.376509,299.141696
plane,18,11,45.605058,302.075650
plane,18,12,45.128026,290.182616
plane,18,13,43.079095,289.761033
plane,18,14,41.113223,300.881074
plane,18,15,39.524638,305.914502
plane,18,16,38.051486,310.140630
plane,18,17,38.378066,323.783007
plane,18,18,34.356564,331.348471
plane,18,19,32.757121,331.332564
plane,18,20,35.093379,334.546953
plane,18,21,33.680173,347.838025
plane,18,22,32.867733,361.667143
plane,18,23,34.988804,368.618208
plane,18,24,33.862888,383.528635
plane,18,25,34.650926,386.344664
plane,18,26,36.099406,397.862579
plane,18,27,38.524943,400.641314
plane,18,28,38.831106,411.569354
plane,18,29,40.832833,414.258879
plane,19,0,42.482997,302.216642
plane,19,1,43.420073,310.316366
plane,19,2,44.764013,315.626783
plane,19,3,47.558699,307.209955
plane,19,4,48.880323,313.405496
plane,19,5,50.330258,317.035264
plane,19,6,49.841981,308.684744
plane,19,7,49.882286,306.394636
plane,19,8,49.648171,310.196908
plane,19,9,49.947080,306.022497
plane,19,10,48.383256,308.741179
plane,19,11,47.499997,303.206727
plane,19,12,46.472756,307.175769
plane,19,13,43.984371,313.410480
plane,19,14,44.210965,313.241160
plane,19,15,41.766088,319.324749
plane,19,16,39.914665,326.080736
plane,19,17,40.031578,329.245370
plane,19,18,37.438658,339.826678
plane,19,19,35.540445,340.077795
plane,19,20,35.974187,347.230109
plane,19,21,36.394225,366.333736
plane,19,22,34.699424,372.592339
plane,19,23,36.542958,378.075718
plane,19,24,34.271710,388.628012
plane,19,25,36.140906,395.607056
plane,19,26,37.812467,408.032313
plane,19,27,38.327030,420.825734
plane,19,28,39.388163,415.170691
plane,19,29,42.876120,424.170068
drone,0,0,80.417727,1122.524118
drone,0,1,80.686424,1125.971271
drone,0,2,82.675518,1133.065232
drone,0,3,84.361435,1135.361841
drone,0,4,86.685372,1136.898767
drone,0,5,87.968815,1135.537277
drone,0,6,88.478253,1129.449026
drone,0,7,87.726383,1122.998481
drone,0,8,88.186363,1126.363835
drone,0,9,87.833359,1130.097862
drone,0,10,85.269418,1123.294276
drone,0,11,85.152249,1125.296951
drone,0,12,84.291451,1123.612048
drone,0,13,82.601591,1123.347832
drone,0,14,78.709842,1135.944240
drone,0,15,77.829734,1134.975846
drone,0,16,76.028225,1136.880084
drone,0,17,75.476713,1147.282885
drone,0,18,75.480991,1158.130919
drone,0,19,73.117369,1167.621747
drone,0,20,73.684740,1175.150359
drone,0,21,71.699072,1186.926415
drone,0,22,73.780254,1195.030093
drone,0,23,74.062277,1205.567018
drone,0,24,73.780762,1206.659810
drone,0,25,72.789154,1219.434999
drone,0,26,73.489149,1225.116718
drone,0,27,77.508225,1231.752902
drone,0,28,78.813427,1234.872579
drone,0,29,79.506359,1249.093762
drone,1,0,81.708512,1136.161130
drone,1,1,84.924487,1143.740659
drone,1,2,83.982256,1146.236842
drone,1,3,85.726150,1142.245760
drone,1,4,87.612510,1147.028542
drone,1,5,87.438830,1144.207310
drone,1,6,89.732415,1144.761848
drone,1,7,89.277882,1144.332639
drone,1,8,88.683068,1143.647133
drone,1,9,89.284054,1132.387594
drone,1,10,88.529432,1138.066852
drone,1,11,86.645939,1134.422340
drone,1,12,85.384238,1132.465115
drone,1,13,85.745132,1135.588659
drone,1,14,81.703669,1147.657182
drone,1,15,81.220079,1150.096498
drone,1,16,80.462296,1151.266996
drone,1,17,76.329074,1162.300470
drone,1,18,76.794683,1165.025314
drone,1,19,73.612908,1179.547615
drone,1,20,74.644034,1178.011271
drone,1,21,74.385342,1187.088092
drone,1,22,73.029102,1197.894718
drone,1,23,73.153769,1208.527378
drone,1,24,73.818593,1223.917612
drone,1,25,75.697295,1232.147859
drone,1,26,77.750948,1235.997724
drone,1,27,78.220782,1246.566135
drone,1,28,81.486975,1253.873896
drone,1,29,82.881551,1259.075859
drone,2,0,84.057265,1137.861319
drone,2,1,85.600623,1149.405144
drone,2,2,86.413327,1148.856227
drone,2,3,87.416120,1153.980843
drone,2,4,89.937272,1146.745239
drone,2,5,90.286200,1150.157119
drone,2,6,89.757597,1153.086284
drone,2,7,90.659549,1147.682843
drone,2,8,90.125447,1150.184094
drone,2,9,90.421775,1143.621364
drone,2,10,88.780514,1146.619608
drone,2,11,88.906743,1143.168496
drone,2,12,87.612537,1144.937732
drone,2,13,88.282157,1146.337763
drone,2,14,83.074827,1153.853599
drone,2,15,81.232667,1160.526042
drone,2,16,82.247004,1160.965088
drone,2,17,79.048340,1166.852360
drone,2,18,77.498375,1182.059809
drone,2,19,77.272734,1180.974113
drone,2,20,77.114091,1198.153412
drone,2,21,75.591756,1200.215132
drone,2,22,75.077440,1209.206092
drone,2,23,75.759206,1220.594738
drone,2,24,73.696942,1234.725368
drone,2,25,77.094157,1243.946865
drone,2,26,78.022427,1248.242400
drone,2,27,80.756213,1255.964712
drone,2,28,81.568238,1273.135147
drone,2,29,82.831000,1265.676743
drone,3,0,86.234029,1151.779969
drone,3,1,85.178766,1152.825182
drone,3,2,88.392775,1163.467771
drone,3,3,90.082881,1156.901879
drone,3,4,91.603156,1167.525445
drone,3,5,91.470785,1162.530132
drone,3,6,92.883996,1162.984369
drone,3,7,93.130237,1155.974646
drone,3,8,92.219990,1154.209005
drone,3,9,92.563091,1160.108791
drone,3,10,91.022697,1158.536831
drone,3,11,88.445079,1160.799055
drone,3,12,88.157160,1158.749947
drone,3,13,88.169782,1157.075772
drone,3,14,86.562186,1163.573887
drone,3,15,83.663238,1169.439699
drone,3,16,80.698562,1174.891992
drone,3,17,80.437079,1183.068506
drone,3,18,78.781597,1184.879602
drone,3,19,78.248126,1194.353542
drone,3,20,75.894218,1202.729336
drone,3,21,77.873018,1212.479587
drone,3,22,75.641273,1225.251703
drone,3,23,74.938156,1223.379553
drone,3,24,77.427753,1241.744257
drone,3,25,78.623103,1246.061801
drone,3,26,79.508107,1251.893601
drone,3,27,81.360449,1257.952248
drone,3,28,82.630994,1271.323900
drone,3,29,82.743374,1272.909988
drone,4,0,86.788146,1171.195872
drone,4,1,86.215803,1169.913119
drone,4,2,88.123163,1165.584216
drone,4,3,92.437468,1174.988849
drone,4,4,91.293102,1173.612492
drone,4,5,93.710043,1173.125037
drone,4,6,95.955679,1173.938911
drone,4,7,90.995286,1169.158191
drone,4,8,93.158036,1168.242311
drone,4,9,93.445280,1165.383354
drone,4,10,91.536594,1172.803256
drone,4,11,92.098938,1164.684397
drone,4,12,90.804081,1170.934465
drone,4,13,89.821720,1165.880521
drone,4,14,87.644834,1170.646432
drone,4,15,86.290092,1176.445720
drone,4,16,81.173809,1182.656983
drone,4,17,80.091407,1188.054800
drone,4,18,80.440213,1194.727651
drone,4,19,77.891568,1200.128097
drone,4,20,77.723596,1212.512732
drone,4,21,79.393888,1225.688344
drone,4,22,77.539537,1237.483466
drone,4,23,76.923538,1244.600708
drone,4,24,78.756669,1251.965855
drone,4,25,80.541166,1256.914633
drone,4,26,81.959764,1267.451294
drone,4,27,85.052686,1273.196479
drone,4,28,85.549411,1282.865945
drone,4,29,84.825874,1290.442489
drone,5,0,86.439589,1166.072019
drone,5,1,90.073079,1182.829258
drone,5,2,90.911138,1179.921170
drone,5,3,93.925076,1185.163592
drone,5,4,92.941431,1185.662513
drone,5,5,93.324805,1180.163994
drone,5,6,94.157270,1172.715725
drone,5,7,94.310975,1185.208302
drone,5,8,94.296790,1176.858770
drone,5,9,93.770840,1181.450354
drone,5,10,94.122709,1179.312615
drone,5,11,92.895909,1172.683246
drone,5,12,90.650488,1181.582807
drone,5,13,89.997006,1183.199381
drone,5,14,85.202356,1187.518020
drone,5,15,86.141081,1195.906946
drone,5,16,84.434833,1192.628643
drone,5,17,84.035947,1195.420218
drone,5,18,82.871142,1203.752008
drone,5,19,82.167591,1217.763838
drone,5,20,80.563823,1220.608390
drone,5,21,79.394817,1234.051648
drone,5,22,77.478390,1240.180958
drone,5,23,80.729674,1246.787899
drone,5,24,81.710882,1258.507295
drone,5,25,81.725961,1265.042278
drone,5,26,83.142985,1279.339446
drone,5,27,85.277261,1289.829804
drone,5,28,87.033760,1291.113259
drone,5,29,86.273836,1300.295060
drone,6,0,87.695865,1183.245161
drone,6,1,91.456872,1190.327676
drone,6,2,93.952178,1190.949034
drone,6,3,92.151325,1191.215086
drone,6,4,95.271357,1191.333945
drone,6,5,97.480550,1191.409416
drone,6,6,95.272553,1193.382953
drone,6,7,95.840582,1197.118559
drone,6,8,97.164706,1183.445761
drone,6,9,97.511206,1197.464912
drone,6,10,93.617456,1190.961928
drone,6,11,94.985623,1188.070075
drone,6,12,93.467759,1190.201286
drone,6,13,90.861407,1195.745734
drone,6,14,88.515428,1200.911839
drone,6,15,89.662735,1192.470976
drone,6,16,86.440188,1208.195003
drone,6,17,84.384575,1208.273764
drone,6,18,83.096027,1221.002763
drone,6,19,81.770805,1224.551711
drone,6,20,82.108402,1232.674760
drone,6,21,80.238956,1237.485807
drone,6,22,79.493476,1247.668738
drone,6,23,79.571051,1258.953115
drone,6,24,82.232118,1271.236937
drone,6,25,82.076070,1275.560857
drone,6,26,83.165218,1281.936941
drone,6,27,84.405010,1297.270970
drone,6,28,85.875625,1300.346846
drone,6,29,88.381946,1314.711778
drone,7,0,78.203072,1195.773203
drone,7,1,81.386013,1195.468923
drone,7,2,83.674326,1201.587586
drone,7,3,83.772489,1204.021229
drone,7,4,86.486465,1207.974260
drone,7,5,86.458125,1208.281644
drone,7,6,87.511583,1193.611745
drone,7,7,88.511363,1199.992629
drone,7,8,87.012261,1202.791860
drone,7,9,86.960185,1202.055468
drone,7,10,86.538811,1200.350921
drone,7,11,86.181073,1199.260026
drone,7,12,83.092387,1201.912595
drone,7,13,82.576174,1208.110817
drone,7,14,81.343622,1206.082090
drone,7,15,78.370155,1205.590950
drone,7,16,77.542306,1207.833663
drone,7,17,74.705292,1218.489067
drone,7,18,74.420533,1227.141171
drone,7,19,74.495592,1232.989664
drone,7,20,73.249062,1242.926625
drone,7,21,71.911376,1253.880274
drone,7,22,69.944004,1262.653383
drone,7,23,71.653343,1268.141268
drone,7,24,71.044912,1279.248991
drone,7,25,72.025267,1293.113426
drone,7,26,74.919299,1290.760246
drone,7,27,75.967362,1307.433338
drone,7,28,77.685353,1309.152712
drone,7,29,79.630817,1314.486896
drone,8,0,79.800233,1204.818161
drone,8,1,82.661671,1220.368562
drone,8,2,84.646104,1209.142749
drone,8,3,87.329871,1211.691991
drone,8,4,87.850639,1209.239917
drone,8,5,90.123324,1209.889167
drone,8,6,89.583750,1216.045225
drone,8,7,89.183762,1210.318394
drone,8,8,89.981126,1211.789626
drone,8,9,87.841716,1208.713858
drone,8,10,87.176143,1204.368153
drone,8,11,86.353204,1212.231265
drone,8,12,87.221008,1218.655553
drone,8,13,83.997862,1206.736147
drone,8,14,81.395470,1219.507509
drone,8,15,79.096670,1215.947642
drone,8,16,78.379525,1229.515548
drone,8,17,76.362225,1233.330052
drone,8,18,77.311757,1235.665791
drone,8,19,75.343983,1238.436156
drone,8,20,73.979978,1252.645059
drone,8,21,71.025805,1264.513510
drone,8,22,73.866899,1265.614451
drone,8,23,72.379324,1278.863466
drone,8,24,73.902722,1289.795092
drone,8,25,74.444579,1295.601504
drone,8,26,76.965120,1305.587541
drone,8,27,78.034087,1313.494804
drone,8,28,80.237437,1319.660483
drone,8,29,82.361539,1325.411994
drone,9,0,83.889034,1219.988329
drone,9,1,83.259288,1222.241425
drone,9,2,88.141935,1217.075131
drone,9,3,87.809523,1220.887303
drone,9,4,89.538130,1224.816349
drone,9,5,89.398801,1227.650092
drone,9,6,89.851719,1220.962519
drone,9,7,92.011860,1228.132742
drone,9,8,90.381957,1222.188077
drone,9,9,90.651855,1211.658151
drone,9,10,88.666324,1212.530551
drone,9,11,87.998279,1215.700201
drone,9,12,87.152380,1223.344519
drone,9,13,85.976888,1230.714025
drone,9,14,83.621524,1226.234597
drone,9,15,82.549460,1233.241783
drone,9,16,80.066872,1235.896599
drone,9,17,80.504642,1236.040147
drone,9,18,77.423533,1248.350097
drone,9,19,75.943709,1251.090037
drone,9,20,77.400919,1262.586566
drone,9,21,76.839481,1270.818301
drone,9,22,74.804644,1285.576512
drone,9,23,75.085581,1288.265150
drone,9,24,75.211992,1302.111245
drone,9,25,76.236590,1309.985204
drone,9,26,75.901320,1315.256044
drone,9,27,79.460575,1322.362957
drone,9,28,80.286650,1326.743565
drone,9,29,83.070521,1340.948238
drone,10,0,83.101574,1223.894959
drone,10,1,87.196813,1229.891276
drone,10,2,87.765355,1229.162397
drone,10,3,89.354656,1231.911863
drone,10,4,88.410835,1229.873248
drone,10,5,89.618507,1237.564092
drone,10,6,93.031048,1228.362858
drone,10,7,93.293145,1240.113580
drone,10,8,91.771536,1234.255999
drone,10,9,92.294319,1227.041129
drone,10,10,90.015601,1225.125934
drone,10,11,89.606683,1218.104252
drone,10,12,89.154893,1226.946818
drone,10,13,87.513656,1228.424865
drone,10,14,88.363225,1226.448447
drone,10,15,82.701988,1240.036338
drone,10,16,84.304055,1238.545892
drone,10,17,82.204784,1245.255281
drone,10,18,80.291771,1256.634450
drone,10,19,80.108487,1271.718954
drone,10,20,76.420464,1285.247973
drone,10,21,75.481229,1281.597519
drone,10,22,78.319636,1289.448823
drone,10,23,76.150249,1302.383144
drone,10,24,77.884390,1312.569285
drone,10,25,77.657006,1320.420507
drone,10,26,80.296032,1333.504496
drone,10,27,81.469048,1329.401606
drone,10,28,82.808654,1337.795209
drone,10,29,85.819031,1338.298310
drone,11,0,86.559733,1120.738415
drone,11,1,88.991821,1131.638093
drone,11,2,89.578444,1132.985002
drone,11,3,90.504514,1135.019229
drone,11,4,92.047670,1135.661197
drone,11,5,93.126673,1122.475100
drone,11,6,93.194742,1137.585764
drone,11,7,95.440808,1130.737186
drone,11,8,93.768579,1127.717906
drone,11,9,94.062375,1130.304076
drone,11,10,91.642420,1129.996234
drone,11,11,92.734492,1123.547895
drone,11,12,89.937590,1130.088002
drone,11,13,89.277165,1128.419634
drone,11,14,86.336275,1131.222044
drone,11,15,85.520280,1138.931993
drone,11,16,83.426170,1137.058671
drone,11,17,80.785582,1151.470694
drone,11,18,79.277316,1157.238299
drone,11,19,79.017690,1162.182099
drone,11,20,78.594885,1180.210575
drone,11,21,78.394204,1181.669339
drone,11,22,76.538361,1194.436909
drone,11,23,79.428303,1204.290126
drone,11,24,80.097858,1212.926949
drone,11,25,78.599429,1219.453134
drone,11,26,81.683474,1230.372580
drone,11,27,82.147811,1234.160062
drone,11,28,84.646106,1245.362755
drone,11,29,87.005239,1247.585273
drone,12,0,87.896223,1130.898875
drone,12,1,88.118804,1138.186026
drone,12,2,91.900696,1142.546661
drone,12,3,92.902490,1136.309896
drone,12,4,92.135643,1147.215917
drone,12,5,94.533458,1137.145115
drone,12,6,96.090567,1142.547939
drone,12,7,98.439732,1145.318992
drone,12,8,95.741310,1138.454460
drone,12,9,95.164109,1137.577317
drone,12,10,92.682715,1141.059722
drone,12,11,93.276453,1126.348527
drone,12,12,90.988908,1134.918776
drone,12,13,91.035302,1139.925553
drone,12,14,89.852359,1136.711507
drone,12,15,85.559262,1151.483895
drone,12,16,84.290366,1148.281038
drone,12,17,82.848898,1155.884101
drone,12,18,82.537732,1170.805542
drone,12,19,79.291569,1173.427907
drone,12,20,80.082430,1183.833941
drone,12,21,80.438643,1193.331390
drone,12,22,78.931929,1197.940381
drone,12,23,77.966891,1210.376175
drone,12,24,80.446314,1224.707455
drone,12,25,81.024934,1238.927750
drone,12,26,82.582127,1235.555159
drone,12,27,84.521482,1240.531288
drone,12,28,85.989145,1242.021195
drone,12,29,88.176094,1255.266715
drone,13,0,89.210571,1145.619235
drone,13,1,89.446007,1144.958959
drone,13,2,93.925538,1152.943638
drone,13,3,93.244130,1154.000442
drone,13,4,95.505007,1160.554319
drone,13,5,97.178447,1154.044541
drone,13,6,96.259215,1158.650554
drone,13,7,96.886719,1146.836942
drone,13,8,95.674366,1145.609312
drone,13,9,96.067729,1151.049531
drone,13,10,96.534697,1151.953913
drone,13,11,94.654572,1150.693324
drone,13,12,95.383746,1151.874901
drone,13,13,93.157295,1144.059220
drone,13,14,89.123153,1150.073126
drone,13,15,85.458014,1157.510230
drone,13,16,87.838037,1160.374300
drone,13,17,85.071011,1165.507181
drone,13,18,83.006677,1177.474111
drone,13,19,81.182712,1189.287145
drone,13,20,79.649427,1194.794103
drone,13,21,80.613906,1208.808581
drone,13,22,81.773578,1204.051319
drone,13,23,78.869203,1217.855197
drone,13,24,81.429677,1230.264528
drone,13,25,82.932949,1242.327317
drone,13,26,82.792616,1240.286347
drone,13,27,85.893349,1252.969599
drone,13,28,87.176863,1257.710263
drone,13,29,88.826791,1270.946028
drone,14,0,78.376730,1150.097878
drone,14,1,82.361365,1164.823076
drone,14,2,83.153464,1155.914384
drone,14,3,82.840274,1163.358290
drone,14,4,84.847942,1171.438697
drone,14,5,89.409700,1163.305071
drone,14,6,88.193862,1161.044144
drone,14,7,89.130063,1160.306708
drone,14,8,87.957969,1164.500511
drone,14,9,88.057996,1166.511851
drone,14,10,84.984682,1155.127304
drone,14,11,84.597690,1160.734471
drone,14,12,83.630841,1160.643071
drone,14,13,81.385424,1159.724410
drone,14,14,83.161948,1169.631058
drone,14,15,77.256516,1168.673862
drone,14,16,78.271941,1170.541938
drone,14,17,74.773189,1181.571349
drone,14,18,74.599230,1188.543035
drone,14,19,73.220437,1203.915674
drone,14,20,71.654345,1201.521172
drone,14,21,72.620273,1215.778969
drone,14,22,70.633019,1227.577206
drone,14,23,70.833482,1231.886221
drone,14,24,72.624877,1238.190057
drone,14,25,75.035954,1240.244722
drone,14,26,74.427823,1253.877478
drone,14,27,77.515785,1270.615209
drone,14,28,79.055705,1275.858723
drone,14,29,77.775446,1275.654400
drone,15,0,80.116967,1163.500138
drone,15,1,83.464435,1168.931943
drone,15,2,86.234867,1163.050706
drone,15,3,85.505657,1166.393600
drone,15,4,85.958506,1176.759499
drone,15,5,88.750515,1178.626321
drone,15,6,90.393606,1171.788396
drone,15,7,88.518651,1174.286157
drone,15,8,88.703009,1164.261203
drone,15,9,87.781404,1168.475354
drone,15,10,89.387042,1167.560069
drone,15,11,88.226024,1167.732722
drone,15,12,85.197982,1179.118438
drone,15,13,85.875457,1170.889402
drone,15,14,81.532757,1166.641468
drone,15,15,81.036405,1176.193470
drone,15,16,79.412589,1183.807732
drone,15,17,77.811845,1193.492309
drone,15,18,76.312624,1193.439095
drone,15,19,74.107939,1206.923520
drone,15,20,72.996359,1216.378536
drone,15,21,74.319581,1222.676468
drone,15,22,72.730309,1225.282601
drone,15,23,72.667635,1235.356902
drone,15,24,74.458575,1249.251406
drone,15,25,74.482042,1263.123355
drone,15,26,76.787934,1267.678881
drone,15,27,78.699004,1278.559333
drone,15,28,78.177412,1283.104302
drone,15,29,79.691063,1281.822466
drone,16,0,84.012146,1177.764890
drone,16,1,85.384504,1179.281785
drone,16,2,87.772089,1174.802044
drone,16,3,87.536238,1182.505516
drone,16,4,91.132582,1186.842581
drone,16,5,91.106524,1179.354484
drone,16,6,92.958061,1183.403028
drone,16,7,89.982343,1189.700427
drone,16,8,89.467704,1175.584099
drone,16,9,90.197813,1174.066246
drone,16,10,90.148723,1178.456684
drone,16,11,88.615104,1184.942581
drone,16,12,85.490462,1183.699286
drone,16,13,84.729760,1185.950430
drone,16,14,85.770166,1192.283798
drone,16,15,81.944534,1182.562479
drone,16,16,80.773514,1192.302093
drone,16,17,77.112720,1201.865578
drone,16,18,76.575726,1212.100907
drone,16,19,77.343652,1213.465663
drone,16,20,75.604351,1222.534898
drone,16,21,74.647995,1245.245244
drone,16,22,74.075536,1242.609306
drone,16,23,76.283072,1250.323266
drone,16,24,75.303361,1255.704152
drone,16,25,78.094739,1272.480945
drone,16,26,78.628540,1271.453350
drone,16,27,80.144470,1285.554741
drone,16,28,80.942173,1284.770620
drone,16,29,82.943317,1291.516632
drone,17,0,84.580035,1185.253360
drone,17,1,85.881605,1192.081539
drone,17,2,87.793062,1193.081595
drone,17,3,89.759796,1196.348812
drone,17,4,89.633237,1191.355162
drone,17,5,92.490091,1193.013998
drone,17,6,93.334205,1194.496766
drone,17,7,92.043587,1193.841034
drone,17,8,92.137126,1192.885316
drone,17,9,93.785578,1192.354303
drone,17,10,93.411013,1181.143306
drone,17,11,89.453221,1186.301976
drone,17,12,88.224140,1189.723535
drone,17,13,86.686304,1194.526204
drone,17,14,86.349713,1194.731479
drone,17,15,82.622835,1199.405012
drone,17,16,82.619878,1203.931109
drone,17,17,80.405576,1214.524738
drone,17,18,78.450024,1214.866081
drone,17,19,78.545544,1226.714178
drone,17,20,77.920784,1232.369124
drone,17,21,75.290682,1237.901673
drone,17,22,76.079060,1255.557656
drone,17,23,77.583864,1254.596977
drone,17,24,77.965799,1270.671650
drone,17,25,77.360598,1288.396033
drone,17,26,79.922564,1290.798194
drone,17,27,83.708413,1292.089046
drone,17,28,82.383446,1306.233645
drone,17,29,83.192329,1305.295863
drone,18,0,86.046215,1198.880724
drone,18,1,88.125154,1194.900725
drone,18,2,90.331359,1204.345845
drone,18,3,89.790390,1199.564907
drone,18,4,91.571489,1198.139021
drone,18,5,94.132763,1201.104495
drone,18,6,93.430570,1197.364772
drone,18,7,93.593728,1206.258796
drone,18,8,94.642900,1192.589310
drone,18,9,92.442106,1200.530329
drone,18,10,92.123390,1195.136675
drone,18,11,90.641104,1192.043078
drone,18,12,90.219720,1196.712655
drone,18,13,89.694790,1199.834942
drone,18,14,85.899781,1205.852808
drone,18,15,86.481195,1204.272569
drone,18,16,81.743012,1210.599703
drone,18,17,80.525659,1225.489869
drone,18,18,79.110660,1225.022092
drone,18,19,80.852010,1238.075863
drone,18,20,78.054525,1240.372911
drone,18,21,77.923891,1251.891381
drone,18,22,79.508131,1261.769294
drone,18,23,76.941630,1275.803714
drone,18,24,79.968437,1280.113372
drone,18,25,80.674829,1289.837919
drone,18,26,79.951808,1297.164235
drone,18,27,81.496209,1301.876903
drone,18,28,83.341339,1311.608962
drone,18,29,86.186484,1309.721283
drone,19,0,86.580145,1204.989232
drone,19,1,89.684131,1208.842410
drone,19,2,88.652318,1216.112867
drone,19,3,94.113705,1218.651290
drone,19,4,94.141400,1215.424325
drone,19,5,93.913904,1213.154181
drone,19,6,94.077771,1212.002836
drone,19,7,94.058574,1212.659797
drone,19,8,95.040056,1212.127174
drone,19,9,95.114388,1206.149688
drone,19,10,94.964838,1202.656015
drone,19,11,92.736743,1205.217177
drone,19,12,92.368403,1207.931682
drone,19,13,90.324431,1212.203658
drone,19,14,86.018837,1209.372313
drone,19,15,86.750978,1221.265420
drone,19,16,85.518176,1227.758632
drone,19,17,83.153945,1229.326120
drone,19,18,81.498605,1234.590182
drone,19,19,80.048051,1242.417891
drone,19,20,79.877718,1250.898951
drone,19,21,79.631963,1255.577465
drone,19,22,79.939666,1273.097783
drone,19,23,80.237829,1280.006635
drone,19,24,79.923684,1294.950000
drone,19,25,81.248200,1307.579131
drone,19,26,81.252489,1306.499074
drone,19,27,83.013514,1311.266545
drone,19,28,84.990245,1318.354654
drone,19,29,88.282842,1320.424424
helicopter,0,0,125.610012,2019.236449
helicopter,0,1,126.314238,2033.832682
helicopter,0,2,128.821156,2032.054369
helicopter,0,3,130.471500,2034.620020
helicopter,0,4,131.725302,2038.351033
helicopter,0,5,131.029642,2032.116909
helicopter,0,6,133.345669,2034.514364
helicopter,0,7,133.546325,2035.545136
helicopter,0,8,132.393617,2023.660018
helicopter,0,9,133.704201,2027.984713
helicopter,0,10,131.072826,2027.492672
helicopter,0,11,130.069319,2031.392186
helicopter,0,12,130.014597,2029.480674
helicopter,0,13,128.095282,2030.232205
helicopter,0,14,126.891461,2023.624307
helicopter,0,15,122.966853,2037.055794
helicopter,0,16,122.032110,2038.713505
helicopter,0,17,121.495538,2045.009863
helicopter,0,18,119.715766,2056.830030
helicopter,0,19,118.436185,2061.274274
helicopter,0,20,117.375021,2078.412915
helicopter,0,21,117.648911,2086.703357
helicopter,0,22,116.931651,2085.578823
helicopter,0,23,116.825132,2101.257910
helicopter,0,24,119.233412,2115.564371
helicopter,0,25,119.327549,2116.206822
helicopter,0,26,120.287053,2126.441608
helicopter,0,27,121.397379,2129.479435
helicopter,0,28,123.744141,2140.158212
helicopter,0,29,125.804382,2139.153495
helicopter,1,0,125.373018,2049.585089
helicopter,1,1,127.339713,2039.703776
helicopter,1,2,130.296868,2037.036505
helicopter,1,3,133.069001,2042.053639
helicopter,1,4,132.746776,2050.009927
helicopter,1,5,132.777075,2040.449302
helicopter,1,6,133.862887,2036.025209
helicopter,1,7,134.764107,2042.211206
helicopter,1,8,134.577932,2041.682220
helicopter,1,9,134.797468,2039.342737
helicopter,1,10,132.880071,2042.231300
helicopter,1,11,131.304932,2042.952784
helicopter,1,12,130.431474,2041.292954
helicopter,1,13,130.880964,2031.042584
helicopter,1,14,127.172692,2041.461792
helicopter,1,15,127.342434,2045.588227
helicopter,1,16,126.674607,2046.403956
helicopter,1,17,122.725075,2057.378191
helicopter,1,18,121.503495,2064.072297
helicopter,1,19,119.427456,2067.299701
helicopter,1,20,119.176360,2077.513479
helicopter,1,21,117.295719,2093.199482
helicopter,1,22,118.390384,2106.496315
helicopter,1,23,117.438470,2113.544670
helicopter,1,24,119.754404,2119.811071
helicopter,1,25,119.599068,2129.316563
helicopter,1,26,122.542592,2135.993511
helicopter,1,27,123.988182,2143.318291
helicopter,1,28,126.505032,2150.384797
helicopter,1,29,126.324458,2148.556688
helicopter,2,0,126.572848,2046.525161
helicopter,2,1,129.492314,2049.678551
helicopter,2,2,130.674471,2050.363495
helicopter,2,3,132.217699,2053.496914
helicopter,2,4,133.879132,2060.194988
helicopter,2,5,134.380019,2056.875105
helicopter,2,6,134.653907,2049.654466
helicopter,2,7,135.146723,2055.357539
helicopter,2,8,136.331602,2049.607591
helicopter,2,9,135.666269,2043.650452
helicopter,2,10,136.024425,2052.907749
helicopter,2,11,133.467296,2047.420397
helicopter,2,12,132.773566,2047.532726
helicopter,2,13,130.354236,2048.130556
helicopter,2,14,128.519061,2051.173345
helicopter,2,15,127.864901,2055.902329
helicopter,2,16,125.017223,2060.008278
helicopter,2,17,122.376072,2075.164125
helicopter,2,18,123.007000,2079.798874
helicopter,2,19,120.848591,2090.419815
helicopter,2,20,120.713389,2099.315713
helicopter,2,21,120.092014,2102.673343
helicopter,2,22,119.483778,2112.697903
helicopter,2,23,120.516584,2127.831408
helicopter,2,24,122.471617,2131.380343
helicopter,2,25,123.121742,2128.762328
helicopter,2,26,122.688314,2148.487379
helicopter,2,27,125.528009,2156.105927
helicopter,2,28,126.224183,2158.431592
helicopter,2,29,127.200234,2172.607842
helicopter,3,0,130.622226,2060.231109
helicopter,3,1,131.230369,2056.415568
helicopter,3,2,133.413807,2060.866762
helicopter,3,3,134.213316,2062.216695
helicopter,3,4,134.964345,2059.250720
helicopter,3,5,136.325692,2056.858179
helicopter,3,6,137.806650,2064.869998
helicopter,3,7,136.718728,2053.009270
helicopter,3,8,137.788192,2060.012628
helicopter,3,9,136.952321,2052.650213
helicopter,3,10,134.203772,2064.195871
helicopter,3,11,134.785188,2059.384951
helicopter,3,12,133.553681,2059.887903
helicopter,3,13,130.776146,2058.318936
helicopter,3,14,129.009589,2058.728974
helicopter,3,15,127.926028,2059.989319
helicopter,3,16,126.484388,2069.672012
helicopter,3,17,124.189354,2078.392042
helicopter,3,18,123.987064,2082.984977
helicopter,3,19,124.890460,2097.463843
helicopter,3,20,123.189843,2102.191634
helicopter,3,21,122.498987,2115.914302
helicopter,3,22,120.493226,2119.659116
helicopter,3,23,124.706822,2130.215752
helicopter,3,24,122.918765,2140.162149
helicopter,3,25,124.234101,2145.654592
helicopter,3,26,123.653314,2162.025896
helicopter,3,27,126.339420,2154.503040
helicopter,3,28,127.803651,2169.549712
helicopter,3,29,130.210668,2176.284216
helicopter,4,0,131.342197,2065.349858
helicopter,4,1,133.010232,2063.942951
helicopter,4,2,133.544213,2067.556006
helicopter,4,3,134.500234,2075.469135
helicopter,4,4,138.174880,2075.192363
helicopter,4,5,137.466864,2070.251354
helicopter,4,6,138.268525,2075.967388
helicopter,4,7,139.514895,2077.274631
helicopter,4,8,137.925035,2068.156354
helicopter,4,9,137.171134,2062.318958
helicopter,4,10,137.466252,2066.006810
helicopter,4,11,135.988779,2061.228459
helicopter,4,12,135.321201,2067.098264
helicopter,4,13,134.469278,2072.303784
helicopter,4,14,130.553210,2074.660353
helicopter,4,15,129.536180,2083.345539
helicopter,4,16,128.415999,2080.501514
helicopter,4,17,126.469028,2082.919809
helicopter,4,18,126.772861,2104.810291
helicopter,4,19,122.648691,2103.583841
helicopter,4,20,123.457782,2111.128059
helicopter,4,21,124.322924,2127.841758
helicopter,4,22,122.766389,2140.673084
helicopter,4,23,123.324371,2140.893006
helicopter,4,24,124.211707,2148.036424
helicopter,4,25,126.355837,2162.099478
helicopter,4,26,125.803660,2166.746459
helicopter,4,27,126.733115,2175.463561
helicopter,4,28,127.986599,2180.290263
helicopter,4,29,130.482795,2187.268223
helicopter,5,0,133.542568,2078.147752
helicopter,5,1,134.097193,2075.714950
helicopter,5,2,135.559451,2080.898716
helicopter,5,3,137.829312,2080.043421
helicopter,5,4,137.630017,2083.430088
helicopter,5,5,140.926899,2089.889165
helicopter,5,6,141.001600,2077.554739
helicopter,5,7,141.896860,2076.936349
helicopter,5,8,139.624040,2080.769341
helicopter,5,9,138.551488,2081.194646
helicopter,5,10,139.067883,2078.946125
helicopter,5,11,137.178167,2080.753064
helicopter,5,12,137.137554,2076.780429
helicopter,5,13,135.999694,2069.460630
helicopter,5,14,133.727264,2082.647435
helicopter,5,15,130.840049,2087.924354
helicopter,5,16,130.445389,2089.567718
helicopter,5,17,128.256043,2098.757719
helicopter,5,18,127.391296,2111.239970
helicopter,5,19,125.414538,2119.858685
helicopter,5,20,123.763964,2124.708275
helicopter,5,21,122.885779,2133.139110
helicopter,5,22,125.233987,2150.479832
helicopter,5,23,124.840957,2148.867363
helicopter,5,24,126.458400,2161.185185
helicopter,5,25,126.501041,2173.301004
helicopter,5,26,128.751356,2170.560017
helicopter,5,27,129.192437,2184.347941
helicopter,5,28,129.710666,2183.781984
helicopter,5,29,132.433154,2193.145071
helicopter,6,0,133.275302,2084.450527
helicopter,6,1,135.368739,2088.623827
helicopter,6,2,138.935904,2090.844732
helicopter,6,3,140.721764,2097.292514
helicopter,6,4,141.064879,2089.822364
helicopter,6,5,140.774661,2088.720968
helicopter,6,6,142.124275,2091.247550
helicopter,6,7,142.429965,2091.529088
helicopter,6,8,142.062459,2087.631263
helicopter,6,9,140.458822,2086.221185
helicopter,6,10,141.338128,2086.694104
helicopter,6,11,139.441571,2090.838598
helicopter,6,12,138.612007,2082.334512
helicopter,6,13,136.473999,2086.616596
helicopter,6,14,134.810769,2094.638670
helicopter,6,15,133.644463,2103.870655
helicopter,6,16,130.944771,2101.335793
helicopter,6,17,130.449597,2112.771342
helicopter,6,18,127.466980,2119.079740
helicopter,6,19,128.043967,2123.989586
helicopter,6,20,126.287084,2136.435758
helicopter,6,21,126.532558,2144.454814
helicopter,6,22,125.279940,2145.498742
helicopter,6,23,126.197597,2160.776227
helicopter,6,24,127.390052,2167.962504
helicopter,6,25,128.537401,2181.271369
helicopter,6,26,128.418477,2191.268649
helicopter,6,27,130.297971,2191.627647
helicopter,6,28,132.531104,2200.218732
helicopter,6,29,133.094947,2207.480557
helicopter,7,0,124.990845,2091.967147
helicopter,7,1,124.965798,2100.259114
helicopter,7,2,128.458137,2101.442779
helicopter,7,3,131.218218,2092.353660
helicopter,7,4,132.366504,2108.191577
helicopter,7,5,131.088020,2106.458565
helicopter,7,6,131.896440,2097.345771
helicopter,7,7,132.886872,2107.629595
helicopter,7,8,133.256280,2099.258304
helicopter,7,9,133.317492,2095.497935
helicopter,7,10,133.119027,2103.632116
helicopter,7,11,130.930806,2094.214285
helicopter,7,12,130.196446,2099.412511
helicopter,7,13,128.198077,2104.648042
helicopter,7,14,126.301387,2099.467435
helicopter,7,15,125.625369,2108.332608
helicopter,7,16,122.769745,2114.975947
helicopter,7,17,121.187302,2121.915191
helicopter,7,18,119.695863,2125.622513
helicopter,7,19,117.828305,2132.545712
helicopter,7,20,117.280019,2147.462923
helicopter,7,21,116.768495,2152.407693
helicopter,7,22,116.910671,2164.523426
helicopter,7,23,117.940581,2179.758405
helicopter,7,24,116.538840,2180.108757
helicopter,7,25,119.475726,2182.892445
helicopter,7,26,121.899947,2197.024100
helicopter,7,27,120.846889,2208.296542
helicopter,7,28,121.082229,2211.126542
helicopter,7,29,124.008501,2214.940358
helicopter,8,0,126.874058,2108.170128
helicopter,8,1,128.631091,2116.899002
helicopter,8,2,129.921090,2109.597537
helicopter,8,3,132.567512,2112.054905
helicopter,8,4,133.015511,2096.987283
helicopter,8,5,134.021340,2112.100795
helicopter,8,6,133.773499,2108.890410
helicopter,8,7,135.391419,2102.152317
helicopter,8,8,137.543776,2113.675381
helicopter,8,9,134.301616,2115.589422
helicopter,8,10,133.396168,2103.769760
helicopter,8,11,133.028676,2100.823205
helicopter,8,12,131.224496,2113.026147
helicopter,8,13,129.589378,2104.296953
helicopter,8,14,127.570070,2112.585235
helicopter,8,15,124.892837,2107.967602
helicopter,8,16,122.760089,2120.512632
helicopter,8,17,123.501123,2139.936018
helicopter,8,18,121.855194,2133.179836
helicopter,8,19,119.457450,2148.919761
helicopter,8,20,119.681977,2155.068835
helicopter,8,21,118.843480,2167.649170
helicopter,8,22,120.747678,2172.426365
helicopter,8,23,118.950380,2183.878299
helicopter,8,24,118.969746,2182.250044
helicopter,8,25,120.896434,2196.698617
helicopter,8,26,122.975209,2208.218245
helicopter,8,27,124.638311,2210.983288
helicopter,8,28,125.911427,2213.751059
helicopter,8,29,127.437666,2224.051016
helicopter,9,0,128.937432,2113.567546
helicopter,9,1,130.402228,2120.563982
helicopter,9,2,131.742268,2122.735964
helicopter,9,3,134.521830,2120.070926
helicopter,9,4,135.500709,2121.319908
helicopter,9,5,136.275046,2131.758747
helicopter,9,6,134.910078,2112.891663
helicopter,9,7,136.151993,2117.552232
helicopter,9,8,135.368131,2117.741844
helicopter,9,9,134.898025,2123.711940
helicopter,9,10,135.746904,2121.986044
helicopter,9,11,135.813731,2114.284268
helicopter,9,12,129.627649,2126.327939
helicopter,9,13,130.804885,2119.879040
helicopter,9,14,127.062037,2117.670803
helicopter,9,15,127.826951,2126.642946
helicopter,9,16,123.292717,2128.753646
helicopter,9,17,124.924701,2144.038084
helicopter,9,18,122.712561,2157.668859
helicopter,9,19,122.405213,2161.832073
helicopter,9,20,121.901480,2166.830120
helicopter,9,21,118.766186,2166.450564
helicopter,9,22,119.270383,2183.421384
helicopter,9,23,120.292681,2193.359440
helicopter,9,24,120.911906,2202.931601
helicopter,9,25,122.890252,2209.664732
helicopter,9,26,122.870621,2207.003359
helicopter,9,27,125.513104,2221.320176
helicopter,9,28,125.371094,2233.748332
helicopter,9,29,128.918442,2237.719863
helicopter,10,0,130.453007,2120.623757
helicopter,10,1,130.990566,2126.353407
helicopter,10,2,134.588959,2134.420461
helicopter,10,3,134.097452,2135.681941
helicopter,10,4,135.972001,2132.266633
helicopter,10,5,137.034978,2135.802206
helicopter,10,6,137.066248,2126.513838
helicopter,10,7,137.842850,2129.262750
helicopter,10,8,136.249261,2125.986007
helicopter,10,9,136.682356,2128.096585
helicopter,10,10,136.683200,2126.499725
helicopter,10,11,135.451503,2125.873867
helicopter,10,12,134.170091,2129.846031
helicopter,10,13,132.623583,2135.850358
helicopter,10,14,130.082117,2126.704545
helicopter,10,15,128.557175,2140.453242
helicopter,10,16,126.970527,2143.788028
helicopter,10,17,123.652911,2145.586826
helicopter,10,18,124.537122,2159.444013
helicopter,10,19,122.128061,2166.059057
helicopter,10,20,121.357180,2168.895388
helicopter,10,21,121.676397,2183.720131
helicopter,10,22,121.908122,2195.308136
helicopter,10,23,123.468715,2205.655621
helicopter,10,24,122.071055,2214.779311
helicopter,10,25,121.935186,2220.035703
helicopter,10,26,125.712085,2230.205181
helicopter,10,27,126.969128,2242.053681
helicopter,10,28,127.039494,2243.456692
helicopter,10,29,129.406662,2249.458667
helicopter,11,0,131.117619,2028.128326
helicopter,11,1,134.266533,2031.077107
helicopter,11,2,134.149297,2029.494540
helicopter,11,3,135.147357,2036.468577
helicopter,11,4,138.409612,2031.759127
helicopter,11,5,136.258728,2029.865810
helicopter,11,6,139.142388,2027.728665
helicopter,11,7,137.029772,2028.541283
helicopter,11,8,136.854423,2030.360667
helicopter,11,9,138.030739,2028.228994
helicopter,11,10,138.918169,2023.717891
helicopter,11,11,134.353693,2027.253904
helicopter,11,12,135.593394,2022.515569
helicopter,11,13,133.185954,2028.712985
helicopter,11,14,131.892772,2030.615604
helicopter,11,15,132.798511,2036.165730
helicopter,11,16,128.632112,2040.576560
helicopter,11,17,124.232463,2054.447013
helicopter,11,18,122.341605,2061.760145
helicopter,11,19,123.057061,2059.155326
helicopter,11,20,123.459287,2082.288779
helicopter,11,21,123.424991,2082.086968
helicopter,11,22,122.244000,2094.990848
helicopter,11,23,122.921510,2104.715838
helicopter,11,24,121.968427,2113.134324
helicopter,11,25,125.220695,2114.192038
helicopter,11,26,125.125972,2126.899029
helicopter,11,27,127.154378,2135.573628
helicopter,11,28,127.845558,2136.739326
helicopter,11,29,133.114006,2141.630493
helicopter,12,0,132.073893,2034.291696
helicopter,12,1,133.941275,2043.381043
helicopter,12,2,135.286941,2044.384965
helicopter,12,3,136.485941,2045.408434
helicopter,12,4,138.383218,2042.037334
helicopter,12,5,139.479477,2044.600856
helicopter,12,6,139.014937,2037.633992
helicopter,12,7,142.525493,2042.344957
helicopter,12,8,140.033731,2041.627253
helicopter,12,9,139.871676,2028.982305
helicopter,12,10,139.282842,2036.862136
helicopter,12,11,138.350730,2034.268445
helicopter,12,12,136.403980,2042.802244
helicopter,12,13,134.903568,2038.385921
helicopter,12,14,133.730006,2041.500919
helicopter,12,15,132.702908,2046.517495
helicopter,12,16,130.308959,2049.699060
helicopter,12,17,127.127771,2061.800630
helicopter,12,18,127.260398,2068.882624
helicopter,12,19,126.615170,2068.713968
helicopter,12,20,125.187972,2075.481893
helicopter,12,21,125.124748,2088.509486
helicopter,12,22,124.979039,2105.291774
helicopter,12,23,124.252134,2111.768434
helicopter,12,24,126.654220,2114.404965
helicopter,12,25,127.046337,2130.106439
helicopter,12,26,128.606752,2130.880969
helicopter,12,27,129.144424,2148.830309
helicopter,12,28,132.139401,2147.200566
helicopter,12,29,132.220464,2162.365650
helicopter,13,0,132.580187,2044.817008
helicopter,13,1,135.897189,2049.253163
helicopter,13,2,136.424867,2054.823129
helicopter,13,3,139.729927,2059.580675
helicopter,13,4,139.304329,2050.809605
helicopter,13,5,142.164690,2059.661181
helicopter,13,6,141.698426,2045.403690
helicopter,13,7,141.772187,2054.177846
helicopter,13,8,142.572714,2053.510682
helicopter,13,9,143.356740,2046.262652
helicopter,13,10,139.717073,2042.538802
helicopter,13,11,139.378813,2051.443667
helicopter,13,12,139.851613,2049.108827
helicopter,13,13,136.569144,2049.570232
helicopter,13,14,136.091340,2050.029559
helicopter,13,15,133.030119,2056.905950
helicopter,13,16,131.418427,2069.748438
helicopter,13,17,128.983597,2078.744489
helicopter,13,18,127.843101,2073.050917
helicopter,13,19,126.717618,2087.185928
helicopter,13,20,126.554105,2097.990051
helicopter,13,21,125.281723,2096.159136
helicopter,13,22,125.640798,2113.507051
helicopter,13,23,124.821846,2121.434574
helicopter,13,24,127.467485,2127.793925
helicopter,13,25,127.078723,2135.252234
helicopter,13,26,129.015153,2149.313840
helicopter,13,27,133.388443,2159.074372
helicopter,13,28,131.018530,2154.130393
helicopter,13,29,133.889721,2171.287950
helicopter,14,0,125.657138,2052.890710
helicopter,14,1,127.721403,2064.062853
helicopter,14,2,129.820853,2056.699590
helicopter,14,3,130.278813,2057.191415
helicopter,14,4,130.291834,2057.621967
helicopter,14,5,131.806144,2056.655824
helicopter,14,6,133.483325,2061.466499
helicopter,14,7,132.123805,2062.260742
helicopter,14,8,134.425359,2060.440439
helicopter,14,9,131.848154,2056.852508
helicopter,14,10,131.517392,2054.543496
helicopter,14,11,128.789867,2055.853361
helicopter,14,12,130.367152,2054.924782
helicopter,14,13,125.624077,2059.746647
helicopter,14,14,126.967759,2056.187871
helicopter,14,15,124.325085,2068.861299
helicopter,14,16,122.982444,2074.743948
helicopter,14,17,121.483707,2072.587635
helicopter,14,18,120.114463,2091.842925
helicopter,14,19,118.156834,2096.076692
helicopter,14,20,116.553770,2108.717086
helicopter,14,21,116.487007,2119.449937
helicopter,14,22,116.631790,2125.099017
helicopter,14,23,116.758182,2139.371634
helicopter,14,24,115.959769,2142.497830
helicopter,14,25,116.823257,2144.813828
helicopter,14,26,122.050600,2161.120618
helicopter,14,27,119.630346,2164.389401
helicopter,14,28,122.660568,2172.556769
helicopter,14,29,126.850407,2177.615576
helicopter,15,0,126.934653,2067.032165
helicopter,15,1,127.127254,2071.357984
helicopter,15,2,130.780209,2068.515823
helicopter,15,3,130.698910,2078.116042
helicopter,15,4,132.806420,2068.187109
helicopter,15,5,133.144011,2070.569793
helicopter,15,6,134.143886,2071.224940
helicopter,15,7,134.238991,2077.014735
helicopter,15,8,135.226893,2074.990858
helicopter,15,9,132.237161,2068.432486
helicopter,15,10,134.296289,2070.251282
helicopter,15,11,131.322248,2064.343498
helicopter,15,12,131.584450,2067.383686
helicopter,15,13,129.702714,2070.728232
helicopter,15,14,127.247313,2073.559504
helicopter,15,15,124.805446,2084.020249
helicopter,15,16,124.493768,2088.112918
helicopter,15,17,121.846372,2086.761255
helicopter,15,18,120.679161,2092.886507
helicopter,15,19,120.556641,2107.441040
helicopter,15,20,118.555052,2112.226510
helicopter,15,21,118.981990,2119.841644
helicopter,15,22,118.102405,2138.629906
helicopter,15,23,118.045024,2139.793333
helicopter,15,24,121.936634,2142.515068
helicopter,15,25,119.218329,2166.822142
helicopter,15,26,121.249058,2169.487853
helicopter,15,27,125.260544,2171.545376
helicopter,15,28,124.188730,2181.920728
helicopter,15,29,126.424177,2182.900290
helicopter,16,0,127.866676,2069.687489
helicopter,16,1,130.185487,2081.891422
helicopter,16,2,131.197662,2080.069997
helicopter,16,3,133.390177,2080.163173
helicopter,16,4,133.789166,2082.463046
helicopter,16,5,136.540108,2082.202984
helicopter,16,6,135.594672,2080.859204
helicopter,16,7,135.604473,2076.459315
helicopter,16,8,134.975499,2082.500303
helicopter,16,9,134.862709,2078.357331
helicopter,16,10,134.145243,2072.037978
helicopter,16,11,133.036844,2082.955113
helicopter,16,12,131.709849,2075.528250
helicopter,16,13,130.126535,2078.763231
helicopter,16,14,129.093462,2081.430989
helicopter,16,15,127.037450,2085.251849
helicopter,16,16,125.803089,2093.760603
helicopter,16,17,124.087253,2101.455908
helicopter,16,18,122.399155,2111.184658
helicopter,16,19,121.844680,2120.542355
helicopter,16,20,120.488475,2124.593669
helicopter,16,21,119.423207,2132.914511
helicopter,16,22,120.829761,2140.925966
helicopter,16,23,121.783776,2151.963314
helicopter,16,24,122.515080,2156.825343
helicopter,16,25,121.625842,2167.647493
helicopter,16,26,124.169238,2180.056945
helicopter,16,27,124.564473,2182.590332
helicopter,16,28,126.253399,2193.175928
helicopter,16,29,128.835741,2194.761531
helicopter,17,0,129.052922,2085.408269
helicopter,17,1,131.349035,2089.563601
helicopter,17,2,132.405618,2097.927136
helicopter,17,3,133.712601,2098.366004
helicopter,17,4,136.990960,2096.524834
helicopter,17,5,138.442160,2094.623214
helicopter,17,6,136.891714,2089.423508
helicopter,17,7,136.817191,2093.668371
helicopter,17,8,135.914010,2083.369476
helicopter,17,9,138.464290,2092.039451
helicopter,17,10,136.535843,2091.043032
helicopter,17,11,135.775889,2086.619876
helicopter,17,12,132.155794,2093.366103
helicopter,17,13,132.500608,2084.596906
helicopter,17,14,130.507248,2091.202699
helicopter,17,15,128.519687,2095.903634
helicopter,17,16,127.496796,2101.681907
helicopter,17,17,124.220616,2111.615436
helicopter,17,18,124.484205,2110.629751
helicopter,17,19,123.287618,2128.141518
helicopter,17,20,121.915688,2134.255882
helicopter,17,21,120.841058,2135.851714
helicopter,17,22,122.033563,2152.036412
helicopter,17,23,122.221203,2160.921506
helicopter,17,24,122.171547,2171.669737
helicopter,17,25,123.339382,2183.098050
helicopter,17,26,124.234717,2181.710944
helicopter,17,27,126.285000,2189.200710
helicopter,17,28,125.246262,2195.890463
helicopter,17,29,129.061411,2201.816221
helicopter,18,0,129.463331,2094.101419
helicopter,18,1,133.936229,2101.871116
helicopter,18,2,134.367349,2104.649728
helicopter,18,3,135.401000,2098.788132
helicopter,18,4,137.775756,2098.402069
helicopter,18,5,138.402108,2102.297180
helicopter,18,6,138.345653,2099.683556
helicopter,18,7,140.125486,2093.961533
helicopter,18,8,139.163610,2097.904622
helicopter,18,9,137.690393,2098.143700
helicopter,18,10,137.937315,2097.109856
helicopter,18,11,136.746633,2103.026717
helicopter,18,12,134.523534,2099.905542
helicopter,18,13,131.815815,2101.929591
helicopter,18,14,129.998012,2105.603033
helicopter,18,15,129.659873,2107.872039
helicopter,18,16,126.990103,2112.611660
helicopter,18,17,127.699582,2121.402789
helicopter,18,18,125.481154,2126.306981
helicopter,18,19,125.523926,2137.534974
helicopter,18,20,122.943424,2141.185847
helicopter,18,21,122.425522,2152.709405
helicopter,18,22,121.851064,2153.754468
helicopter,18,23,123.073293,2172.872150
helicopter,18,24,124.118329,2185.360517
helicopter,18,25,123.610200,2187.580309
helicopter,18,26,124.716180,2198.471852
helicopter,18,27,127.536304,2202.490227
helicopter,18,28,129.321678,2207.450032
helicopter,18,29,129.977971,2221.322031
helicopter,19,0,133.310345,2104.263346
helicopter,19,1,132.678321,2107.696269
helicopter,19,2,136.433364,2111.644784
helicopter,19,3,138.350537,2117.223633
helicopter,19,4,138.512748,2110.864045
helicopter,19,5,139.073703,2110.745969
helicopter,19,6,141.112950,2109.819201
helicopter,19,7,138.807489,2112.178855
helicopter,19,8,140.295680,2107.190142
helicopter,19,9,137.968306,2112.668135
helicopter,19,10,139.817863,2102.802105
helicopter,19,11,138.153369,2103.032427
helicopter,19,12,135.263828,2099.838925
helicopter,19,13,135.833746,2113.621439
helicopter,19,14,133.055112,2112.838223
helicopter,19,15,133.389983,2114.193934
helicopter,19,16,128.760835,2123.025744
helicopter,19,17,128.925069,2127.735859
helicopter,19,18,125.572319,2133.264022
helicopter,19,19,126.563494,2147.450024
helicopter,19,20,123.397497,2148.614741
helicopter,19,21,123.620237,2162.750215
helicopter,19,22,126.718551,2171.244669
helicopter,19,23,124.853705,2178.672041
helicopter,19,24,128.017219,2188.612866
helicopter,19,25,125.890955,2200.257806
helicopter,19,26,126.334242,2210.723591
helicopter,19,27,129.132557,2211.042642
helicopter,19,28,130.184428,2212.701440
helicopter,19,29,131.944445,2215.901505
balloon,0,0,169.549536,2923.017704
balloon,0,1,171.130783,2926.222039
balloon,0,2,172.517134,2935.901375
balloon,0,3,176.280625,2931.637878
balloon,0,4,177.240969,2931.510385
balloon,0,5,176.765664,2929.084747
balloon,0,6,178.405867,2933.988049
balloon,0,7,176.697795,2930.958902
balloon,0,8,177.377588,2925.451213
balloon,0,9,177.406117,2920.312568
balloon,0,10,176.187572,2934.907698
balloon,0,11,175.937269,2922.825047
balloon,0,12,174.677802,2928.588205
balloon,0,13,172.233601,2927.758705
balloon,0,14,170.865641,2930.707996
balloon,0,15,168.961850,2940.173524
balloon,0,16,168.261302,2937.329713
balloon,0,17,165.407179,2955.351038
balloon,0,18,166.294949,2957.811942
balloon,0,19,164.988062,2969.423758
balloon,0,20,162.436198,2965.519988
balloon,0,21,162.044217,2977.723255
balloon,0,22,162.148107,2999.372741
balloon,0,23,162.540305,2998.719958
balloon,0,24,161.762570,3003.168744
balloon,0,25,161.996680,3026.139999
balloon,0,26,166.014564,3026.964380
balloon,0,27,166.487919,3034.205644
balloon,0,28,168.268505,3045.846050
balloon,0,29,170.390123,3037.070245
balloon,1,0,172.560664,2927.280737
balloon,1,1,172.813570,2933.009198
balloon,1,2,174.899472,2935.936691
balloon,1,3,174.963605,2938.129996
balloon,1,4,178.411108,2941.993481
balloon,1,5,179.235286,2947.841064
balloon,1,6,179.446744,2943.796206
balloon,1,7,178.518781,2939.980746
balloon,1,8,178.245768,2941.274178
balloon,1,9,179.838034,2941.851267
balloon,1,10,178.093280,2940.931452
balloon,1,11,176.856264,2935.121447
balloon,1,12,176.126486,2941.137578
balloon,1,13,176.258074,2943.018299
balloon,1,14,171.264016,2939.165128
balloon,1,15,169.333340,2947.525011
balloon,1,16,167.845903,2957.964880
balloon,1,17,167.084061,2961.490415
balloon,1,18,166.150098,2967.708154
balloon,1,19,163.841979,2974.457059
balloon,1,20,163.640818,2983.100027
balloon,1,21,163.730077,2995.577896
balloon,1,22,163.046175,3005.682376
balloon,1,23,164.120834,3018.415685
balloon,1,24,161.119308,3018.449837
balloon,1,25,166.661280,3019.547944
balloon,1,26,168.143242,3037.817361
balloon,1,27,166.098658,3047.315886
balloon,1,28,168.727663,3046.626343
balloon,1,29,172.964646,3053.452407
balloon,2,0,172.040646,2953.031844
balloon,2,1,175.648838,2947.215169
balloon,2,2,175.569631,2950.149408
balloon,2,3,179.418686,2948.386095
balloon,2,4,177.823418,2957.834581
balloon,2,5,179.785974,2952.801692
balloon,2,6,181.233278,2949.955499
balloon,2,7,178.564186,2949.470315
balloon,2,8,182.135658,2957.748690
balloon,2,9,180.313944,2947.873245
balloon,2,10,180.986978,2949.732442
balloon,2,11,178.797012,2939.450827
balloon,2,12,176.708080,2949.092754
balloon,2,13,174.040370,2948.637582
balloon,2,14,175.573467,2952.048986
balloon,2,15,170.700687,2949.667111
balloon,2,16,170.434300,2960.204674
balloon,2,17,168.007052,2969.833436
balloon,2,18,167.783209,2977.031192
balloon,2,19,166.728978,2979.675033
balloon,2,20,164.927684,2992.200523
balloon,2,21,165.051565,3006.810296
balloon,2,22,164.283540,3009.277673
balloon,2,23,166.778984,3022.494423
balloon,2,24,164.533863,3029.776668
balloon,2,25,165.666514,3035.085077
balloon,2,26,166.824344,3044.304629
balloon,2,27,171.700604,3058.455446
balloon,2,28,172.661907,3064.628027
balloon,2,29,172.865119,3066.613753
balloon,3,0,174.602820,2950.727703
balloon,3,1,175.057332,2962.154846
balloon,3,2,176.640719,2961.768955
balloon,3,3,179.993496,2965.327066
balloon,3,4,180.966561,2957.933472
balloon,3,5,182.108494,2961.846808
balloon,3,6,181.230849,2953.560779
balloon,3,7,182.939475,2954.109215
balloon,3,8,180.687284,2966.050565
balloon,3,9,180.730442,2956.308014
balloon,3,10,181.193306,2957.630510
balloon,3,11,178.982288,2954.534052
balloon,3,12,179.430084,2957.118605
balloon,3,13,177.031265,2951.451364
balloon,3,14,174.791255,2966.507235
balloon,3,15,172.905845,2963.409396
balloon,3,16,172.320491,2974.910200
balloon,3,17,170.709309,2976.657935
balloon,3,18,169.748030,2992.848749
balloon,3,19,169.048453,2988.337681
balloon,3,20,169.997681,2998.202757
balloon,3,21,165.379472,3014.069581
balloon,3,22,166.417372,3023.833357
balloon,3,23,168.103242,3035.582672
balloon,3,24,166.538426,3041.308825
balloon,3,25,169.413912,3053.844581
balloon,3,26,170.783060,3060.758334
balloon,3,27,171.848789,3062.359461
balloon,3,28,171.462059,3071.967161
balloon,3,29,174.045972,3079.978056
balloon,4,0,175.127440,2963.475244
balloon,4,1,177.291665,2972.421341
balloon,4,2,180.110558,2971.056530
balloon,4,3,181.133412,2978.775171
balloon,4,4,180.334634,2975.728528
balloon,4,5,184.148072,2977.256963
balloon,4,6,184.510901,2968.420140
balloon,4,7,183.449227,2972.967705
balloon,4,8,183.305314,2968.265530
balloon,4,9,181.926564,2963.218143
balloon,4,10,182.968170,2965.645626
balloon,4,11,180.742846,2966.616128
balloon,4,12,180.425822,2967.188747
balloon,4,13,178.726991,2970.455695
balloon,4,14,176.613450,2973.032181
balloon,4,15,174.247781,2975.209138
balloon,4,16,171.608516,2977.849850
balloon,4,17,170.688518,2987.327864
balloon,4,18,171.628727,2996.296740
balloon,4,19,169.528954,3000.821237
balloon,4,20,168.855298,3020.288272
balloon,4,21,168.018147,3019.553066
balloon,4,22,166.845858,3033.439569
balloon,4,23,167.350292,3044.714173
balloon,4,24,167.919587,3044.396086
balloon,4,25,170.382656,3054.458121
balloon,4,26,171.764741,3071.638245
balloon,4,27,172.048074,3075.246742
balloon,4,28,175.672395,3078.418262
balloon,4,29,177.598454,3083.685771
balloon,5,0,176.562291,2975.390177
balloon,5,1,179.444890,2983.090901
balloon,5,2,181.745527,2982.443343
balloon,5,3,182.997577,2983.039636
balloon,5,4,184.389402,2980.661553
balloon,5,5,183.486831,2983.234094
balloon,5,6,187.897557,2984.746516
balloon,5,7,184.788251,2985.894634
balloon,5,8,183.530125,2978.051307
balloon,5,9,185.329236,2975.294977
balloon,5,10,183.527325,2976.669638
balloon,5,11,182.459094,2974.230764
balloon,5,12,180.540210,2971.993515
balloon,5,13,179.088001,2979.695571
balloon,5,14,179.371323,2980.424000
balloon,5,15,175.423354,2993.637303
balloon,5,16,173.802330,2992.893936
balloon,5,17,172.439190,2996.047706
balloon,5,18,172.384969,3008.177501
balloon,5,19,172.149500,3017.266059
balloon,5,20,170.222218,3026.003456
balloon,5,21,168.575145,3037.694080
balloon,5,22,170.044399,3044.347124
balloon,5,23,170.390108,3045.941775
balloon,5,24,169.297972,3061.549690
balloon,5,25,171.547640,3071.933088
balloon,5,26,172.765184,3076.750484
balloon,5,27,175.398672,3085.811805
balloon,5,28,176.526897,3095.058412
balloon,5,29,178.763961,3096.270757
balloon,6,0,179.725778,2986.064016
balloon,6,1,181.792287,2997.675942
balloon,6,2,181.314218,2987.954310
balloon,6,3,185.425078,2993.060640
balloon,6,4,184.667393,2989.959878
balloon,6,5,187.005526,2994.641313
balloon,6,6,188.716147,2991.151011
balloon,6,7,187.889846,2996.934549
balloon,6,8,185.460696,2984.845335
balloon,6,9,186.703237,2985.697661
balloon,6,10,185.200029,2984.705945
balloon,6,11,184.353673,2983.751254
balloon,6,12,181.844687,2989.774452
balloon,6,13,181.679236,2994.017257
balloon,6,14,180.386901,2994.773399
balloon,6,15,178.887939,2993.556087
balloon,6,16,175.947135,3003.615022
balloon,6,17,175.810446,3011.509618
balloon,6,18,173.286427,3015.587719
balloon,6,19,172.628350,3019.965476
balloon,6,20,172.416748,3036.594332
balloon,6,21,172.034430,3046.825739
balloon,6,22,172.009620,3044.851727
balloon,6,23,171.516875,3056.141168
balloon,6,24,170.979206,3070.489330
balloon,6,25,174.085751,3080.957549
balloon,6,26,174.390041,3094.631025
balloon,6,27,175.881910,3090.614634
balloon,6,28,175.886360,3096.785861
balloon,6,29,179.111898,3098.837410
balloon,7,0,170.438241,2996.235576
balloon,7,1,170.999747,2998.969965
balloon,7,2,173.875597,2998.437492
balloon,7,3,175.574197,2999.449255
balloon,7,4,176.684814,3008.566936
balloon,7,5,177.390147,2997.305991
balloon,7,6,177.797112,3001.840024
balloon,7,7,177.127056,2995.281016
balloon,7,8,177.512986,3002.532320
balloon,7,9,178.249700,3002.787479
balloon,7,10,176.576662,3005.208095
balloon,7,11,174.655444,2999.130610
balloon,7,12,173.882828,3004.199359
balloon,7,13,172.586664,2995.973437
balloon,7,14,171.106795,2998.589595
balloon,7,15,168.262800,3010.920966
balloon,7,16,167.425276,3015.937934
balloon,7,17,165.001920,3024.110542
balloon,7,18,164.323083,3018.503398
balloon,7,19,162.482778,3029.001192
balloon,7,20,161.104371,3045.547146
balloon,7,21,162.471046,3055.215244
balloon,7,22,161.274448,3064.514790
balloon,7,23,160.823526,3069.929065
balloon,7,24,162.773145,3078.739292
balloon,7,25,164.003164,3089.541971
balloon,7,26,165.629724,3098.702614
balloon,7,27,167.596169,3102.492553
balloon,7,28,168.931752,3111.387495
balloon,7,29,170.243089,3115.534874
balloon,8,0,169.343521,3012.669934
balloon,8,1,172.304447,3005.367656
balloon,8,2,174.536814,3005.725236
balloon,8,3,178.087278,3009.837317
balloon,8,4,176.913481,3009.417669
balloon,8,5,179.005136,3017.983229
balloon,8,6,179.481150,3008.419035
balloon,8,7,180.811048,3011.453247
balloon,8,8,178.672194,3008.770832
balloon,8,9,179.063152,3008.936229
balloon,8,10,178.123129,3007.445301
balloon,8,11,178.864402,3018.702188
balloon,8,12,175.797445,3004.564893
balloon,8,13,173.004182,3013.354297
balloon,8,14,170.740888,3012.350364
balloon,8,15,171.029992,3017.942206
balloon,8,16,168.540930,3029.866650
balloon,8,17,168.171823,3027.040027
balloon,8,18,166.781663,3035.597076
balloon,8,19,164.362229,3042.960683
balloon,8,20,165.250707,3051.268962
balloon,8,21,163.534083,3066.932181
balloon,8,22,163.815843,3073.349587
balloon,8,23,163.126291,3091.184033
balloon,8,24,165.250200,3081.546356
balloon,8,25,166.706888,3094.488657
balloon,8,26,165.286571,3104.696793
balloon,8,27,169.398744,3113.323848
balloon,8,28,169.990858,3113.597552
balloon,8,29,172.575498,3123.931056
balloon,9,0,171.710710,3016.299278
balloon,9,1,175.209636,3018.893537
balloon,9,2,177.650536,3023.299767
balloon,9,3,179.343614,3022.096970
balloon,9,4,179.206853,3026.193096
balloon,9,5,181.226745,3021.067454
balloon,9,6,182.594238,3021.977212
balloon,9,7,180.993105,3022.086352
balloon,9,8,180.038898,3012.474885
balloon,9,9,182.487578,3022.244962
balloon,9,10,178.697561,3017.898022
balloon,9,11,179.125122,3015.415509
balloon,9,12,178.557554,3016.255692
balloon,9,13,176.546810,3017.580055
balloon,9,14,174.372125,3029.277028
balloon,9,15,172.609476,3025.263190
balloon,9,16,170.667254,3035.414991
balloon,9,17,168.447516,3037.343698
balloon,9,18,169.260413,3051.920705
balloon,9,19,165.715226,3049.317765
balloon,9,20,164.284764,3059.046026
balloon,9,21,164.821431,3072.549132
balloon,9,22,163.627976,3083.006348
balloon,9,23,162.388391,3092.419943
balloon,9,24,167.539728,3096.160118
balloon,9,25,164.023025,3110.299130
balloon,9,26,168.859281,3115.854866
balloon,9,27,169.869621,3129.577808
balloon,9,28,172.969605,3132.669646
balloon,9,29,171.763999,3135.677664
balloon,10,0,173.499713,3024.937768
balloon,10,1,175.978370,3026.269626
balloon,10,2,179.390270,3030.054569
balloon,10,3,177.860440,3033.834297
balloon,10,4,181.283405,3032.940578
balloon,10,5,180.793235,3030.670274
balloon,10,6,181.619585,3029.497086
balloon,10,7,181.786484,3029.434829
balloon,10,8,181.038811,3030.045994
balloon,10,9,181.149454,3031.496300
balloon,10,10,181.502763,3033.372722
balloon,10,11,178.637312,3033.012174
balloon,10,12,178.507861,3030.709362
balloon,10,13,177.944165,3033.946516
balloon,10,14,175.426542,3034.895885
balloon,10,15,173.543362,3040.126073
balloon,10,16,171.053813,3044.133769
balloon,10,17,171.914966,3056.949209
balloon,10,18,170.066495,3062.178295
balloon,10,19,168.402095,3068.806264
balloon,10,20,169.013226,3073.288151
balloon,10,21,165.017644,3082.170754
balloon,10,22,166.697713,3089.092240
balloon,10,23,165.593743,3099.888688
balloon,10,24,166.201895,3114.671207
balloon,10,25,170.107381,3122.334453
balloon,10,26,168.264017,3128.316831
balloon,10,27,170.282604,3135.532479
balloon,10,28,171.957096,3144.208979
balloon,10,29,175.202324,3143.717600
balloon,11,0,176.504467,2925.252795
balloon,11,1,179.447192,2920.947159
balloon,11,2,179.772006,2935.937274
balloon,11,3,180.474603,2930.319760
balloon,11,4,182.274597,2929.057441
balloon,11,5,182.531512,2928.303113
balloon,11,6,183.530872,2923.147892
balloon,11,7,183.385493,2932.552820
balloon,11,8,183.516071,2927.411310
balloon,11,9,184.330780,2934.299104
balloon,11,10,181.884283,2932.169415
balloon,11,11,179.751105,2923.984053
balloon,11,12,180.660226,2929.264443
balloon,11,13,178.673522,2933.561201
balloon,11,14,176.662232,2936.127604
balloon,11,15,174.646068,2934.705562
balloon,11,16,171.570684,2945.221005
balloon,11,17,171.007751,2952.953523
balloon,11,18,171.508090,2955.444111
balloon,11,19,169.465740,2965.382279
balloon,11,20,168.363143,2967.670773
balloon,11,21,169.551132,2980.580721
balloon,11,22,168.541202,2993.553391
balloon,11,23,168.581260,3002.736367
balloon,11,24,169.843987,3007.537635
balloon,11,25,170.894776,3020.296382
balloon,11,26,171.197835,3025.828150
balloon,11,27,172.595481,3036.730159
balloon,11,28,173.108286,3033.395267
balloon,11,29,175.725228,3047.808371
balloon,12,0,177.200956,2940.484733
balloon,12,1,180.515789,2944.163491
balloon,12,2,182.311403,2942.019450
balloon,12,3,182.908340,2939.587738
balloon,12,4,180.911791,2944.357947
balloon,12,5,183.796360,2941.595184
balloon,12,6,182.722991,2945.105949
balloon,12,7,185.286518,2937.955994
balloon,12,8,184.239690,2935.808473
balloon,12,9,184.084914,2934.103771
balloon,12,10,182.708478,2936.510409
balloon,12,11,182.663457,2940.804874
balloon,12,12,179.872928,2936.450469
balloon,12,13,179.163061,2941.465430
balloon,12,14,178.312569,2946.473678
balloon,12,15,178.473228,2947.219783
balloon,12,16,175.475583,2949.517054
balloon,12,17,173.248739,2959.022827
balloon,12,18,174.137265,2961.774629
balloon,12,19,170.744433,2974.668817
balloon,12,20,169.313856,2984.914942
balloon,12,21,169.619561,2993.330122
balloon,12,22,168.789557,3005.326311
balloon,12,23,168.861148,3010.372037
balloon,12,24,171.279260,3026.612101
balloon,12,25,170.652473,3032.124313
balloon,12,26,172.573272,3041.664483
balloon,12,27,174.252348,3051.201737
balloon,12,28,177.312848,3046.384619
balloon,12,29,177.173213,3051.997995
balloon,13,0,178.919185,2937.730964
balloon,13,1,179.046079,2952.632652
balloon,13,2,182.699853,2953.979181
balloon,13,3,182.936713,2948.111730
balloon,13,4,184.903731,2958.267742
balloon,13,5,186.143504,2953.131829
balloon,13,6,187.886176,2953.034494
balloon,13,7,187.170236,2952.028572
balloon,13,8,186.703926,2955.352446
balloon,13,9,186.327453,2945.105838
balloon,13,10,186.303117,2951.136329
balloon,13,11,184.029842,2950.263285
balloon,13,12,184.200968,2934.826843
balloon,13,13,179.829737,2951.703801
balloon,13,14,178.934394,2959.823313
balloon,13,15,178.459109,2956.809095
balloon,13,16,176.507353,2960.996059
balloon,13,17,174.233682,2969.410731
balloon,13,18,174.501325,2970.144585
balloon,13,19,172.619273,2982.792559
balloon,13,20,171.654273,2990.498007
balloon,13,21,171.249229,2998.563320
balloon,13,22,170.991442,3011.346744
balloon,13,23,169.626343,3023.533699
balloon,13,24,169.120046,3029.517814
balloon,13,25,171.412116,3040.660967
balloon,13,26,173.822557,3050.756378
balloon,13,27,175.438780,3053.561645
balloon,13,28,178.400836,3058.418303
balloon,13,29,178.970309,3070.705037
balloon,14,0,170.661906,2962.931540
balloon,14,1,172.178826,2956.434874
balloon,14,2,174.433163,2964.654598
balloon,14,3,174.568273,2964.476541
balloon,14,4,176.014876,2964.728676
balloon,14,5,177.100707,2961.880229
balloon,14,6,179.397175,2963.340688
balloon,14,7,176.657743,2961.152651
balloon,14,8,177.595449,2960.310969
balloon,14,9,177.671742,2959.452924
balloon,14,10,174.923107,2951.077995
balloon,14,11,176.902187,2957.260792
balloon,14,12,175.462532,2960.344166
balloon,14,13,172.021314,2953.347676
balloon,14,14,171.376900,2965.146781
balloon,14,15,170.886228,2966.405446
balloon,14,16,167.521719,2965.283294
balloon,14,17,165.268701,2979.907177
balloon,14,18,164.147608,2982.837051
balloon,14,19,164.796241,3001.001734
balloon,14,20,161.500037,3003.900864
balloon,14,21,161.676894,3018.791278
balloon,14,22,162.249187,3024.777083
balloon,14,23,161.356565,3037.170615
balloon,14,24,162.632951,3048.472248
balloon,14,25,164.995159,3047.029096
balloon,14,26,165.685525,3058.462219
balloon,14,27,166.419588,3067.413015
balloon,14,28,168.254764,3070.390106
balloon,14,29,169.368458,3072.022366
balloon,15,0,171.576609,2965.714709
balloon,15,1,174.295638,2963.135164
balloon,15,2,174.971598,2977.340775
balloon,15,3,175.663358,2968.142309
balloon,15,4,176.670717,2975.902245
balloon,15,5,177.301933,2972.477863
balloon,15,6,178.539210,2969.213895
balloon,15,7,179.181972,2968.820756
balloon,15,8,179.027050,2968.843044
balloon,15,9,179.200763,2966.173885
balloon,15,10,178.592118,2965.431213
balloon,15,11,176.547502,2967.534789
balloon,15,12,173.908201,2964.949870
balloon,15,13,173.386423,2966.010550
balloon,15,14,172.133384,2970.144630
balloon,15,15,169.723838,2981.279546
balloon,15,16,171.028050,2986.491312
balloon,15,17,167.673678,2993.419333
balloon,15,18,166.312587,2995.290116
balloon,15,19,164.990002,3003.247550
balloon,15,20,161.863369,3010.139680
balloon,15,21,162.776381,3024.786383
balloon,15,22,163.030708,3025.188950
balloon,15,23,163.763017,3043.007362
balloon,15,24,165.201204,3052.477753
balloon,15,25,167.793294,3056.163335
balloon,15,26,167.975776,3071.172625
balloon,15,27,167.505511,3073.901159
balloon,15,28,169.034104,3079.781938
balloon,15,29,171.056939,3083.220504
balloon,16,0,172.994757,2970.856783
balloon,16,1,175.844302,2982.065906
balloon,16,2,175.663836,2984.415998
balloon,16,3,176.789993,2975.180055
balloon,16,4,179.412191,2984.922558
balloon,16,5,179.328751,2984.504631
balloon,16,6,182.668885,2993.565302
balloon,16,7,180.115325,2981.625594
balloon,16,8,179.666044,2990.384839
balloon,16,9,179.995978,2981.427889
balloon,16,10,179.715971,2973.121386
balloon,16,11,178.294760,2971.952831
balloon,16,12,176.484487,2977.161281
balloon,16,13,175.779358,2971.014856
balloon,16,14,173.799344,2993.289570
balloon,16,15,171.183314,2988.518927
balloon,16,16,170.022434,2981.226698
balloon,16,17,167.880152,2996.189471
balloon,16,18,168.345392,3006.192552
balloon,16,19,166.158181,3017.283911
balloon,16,20,165.697324,3022.845421
balloon,16,21,165.773606,3027.347038
balloon,16,22,164.805491,3047.401261
balloon,16,23,163.151470,3048.698013
balloon,16,24,166.088219,3061.937062
balloon,16,25,166.566377,3071.352615
balloon,16,26,167.272056,3081.406333
balloon,16,27,169.835583,3091.674263
balloon,16,28,172.126833,3092.483948
balloon,16,29,174.416099,3091.787071
balloon,17,0,174.206773,2977.999240
balloon,17,1,177.090251,2995.170111
balloon,17,2,177.373625,2986.096667
balloon,17,3,180.466231,2989.366895
balloon,17,4,180.092872,2998.894404
balloon,17,5,181.209357,2991.654080
balloon,17,6,183.820252,2993.879317
balloon,17,7,181.424235,2996.340184
balloon,17,8,180.653257,2993.088849
balloon,17,9,182.421996,2985.894341
balloon,17,10,180.342614,2982.900022
balloon,17,11,181.730596,2987.865086
balloon,17,12,177.993809,2990.529408
balloon,17,13,178.259023,2991.377167
balloon,17,14,176.061936,2996.893631
balloon,17,15,173.693799,2998.481879
balloon,17,16,171.830212,2998.546174
balloon,17,17,169.108553,3010.725878
balloon,17,18,168.290002,3016.248645
balloon,17,19,167.630771,3028.472149
balloon,17,20,167.348150,3034.731049
balloon,17,21,166.318872,3042.299980
balloon,17,22,166.171830,3053.386365
balloon,17,23,165.067505,3061.781621
balloon,17,24,167.799460,3072.593603
balloon,17,25,167.325212,3077.948506
balloon,17,26,169.277831,3085.328647
balloon,17,27,169.924022,3090.067794
balloon,17,28,172.789331,3101.819515
balloon,17,29,174.647993,3101.514068
balloon,18,0,176.384983,2994.204831
balloon,18,1,177.224235,2994.852305
balloon,18,2,178.849757,3003.833152
balloon,18,3,180.657421,3001.823562
balloon,18,4,181.096269,3013.898068
balloon,18,5,180.803147,2994.288209
balloon,18,6,183.183560,3002.313450
balloon,18,7,185.761800,3002.374108
balloon,18,8,184.195435,3002.737470
balloon,18,9,183.526892,2990.167543
balloon,18,10,182.876353,2998.218833
balloon,18,11,183.671253,2994.483508
balloon,18,12,181.381806,2992.793019
balloon,18,13,180.087195,3000.632139
balloon,18,14,177.701939,3005.892834
balloon,18,15,175.812856,3007.605695
balloon,18,16,172.789606,3011.876798
balloon,18,17,171.110137,3018.472608
balloon,18,18,168.889543,3027.021817
balloon,18,19,170.355772,3039.398642
balloon,18,20,169.882002,3044.115068
balloon,18,21,167.951235,3051.831035
balloon,18,22,168.404092,3065.256383
balloon,18,23,168.629741,3066.478957
balloon,18,24,170.309957,3082.930482
balloon,18,25,170.893390,3089.840633
balloon,18,26,170.897613,3105.238723
balloon,18,27,171.571054,3097.660967
balloon,18,28,176.276033,3111.239159
balloon,18,29,175.571631,3112.659857
balloon,19,0,175.493920,3012.469084
balloon,19,1,179.925394,3010.593408
balloon,19,2,181.683786,3007.306587
balloon,19,3,182.799788,3016.658974
balloon,19,4,181.392373,3015.120238
balloon,19,5,185.315173,3012.805805
balloon,19,6,184.322833,3010.853547
balloon,19,7,185.030081,3011.770359
balloon,19,8,184.862519,3012.116579
balloon,19,9,184.413477,3005.908550
balloon,19,10,185.290046,3006.706692
balloon,19,11,183.533211,3002.177712
balloon,19,12,183.145308,3002.425052
balloon,19,13,180.151346,3009.203586
balloon,19,14,177.601894,3011.980028
balloon,19,15,177.870170,3024.171301
balloon,19,16,174.708946,3021.085705
balloon,19,17,171.497634,3035.783867
balloon,19,18,170.932331,3032.693211
balloon,19,19,170.983299,3047.527237
balloon,19,20,171.591447,3062.203606
balloon,19,21,170.359224,3060.931367
balloon,19,22,168.854930,3071.673954
balloon,19,23,170.596048,3085.680186
balloon,19,24,171.048831,3083.442757
balloon,19,25,170.836538,3105.459687
balloon,19,26,172.125519,3107.167189
balloon,19,27,176.867686,3114.117791
balloon,19,28,177.203669,3127.632427
balloon,19,29,178.258175,3123.260369
